-- phpMyAdmin SQL Dump
-- version 5.1.0
-- SQLINES DEMO *** admin.net/
--
-- Host: 127.0.0.1
-- SQLINES DEMO *** May 17, 2021 at 10:17 PM
-- SQLINES DEMO *** 0.4.18-MariaDB
-- PHP Version: 7.3.27

/* SET SQL_MODE = "NO_AUTO_VALUE_ON_ZERO"; */
START TRANSACTION;
time_zone := "+00:00";


/* SQLINES DEMO *** ARACTER_SET_CLIENT=@@CHARACTER_SET_CLIENT */;
/* SQLINES DEMO *** ARACTER_SET_RESULTS=@@CHARACTER_SET_RESULTS */;
/* SQLINES DEMO *** LLATION_CONNECTION=@@COLLATION_CONNECTION */;
/* SQLINES DEMO *** tf8mb4 */;

--
-- Database: `ey`
--

-- SQLINES DEMO *** ---------------------------------------

--
-- SQLINES DEMO *** or table `core`
--

-- SQLINES LICENSE FOR EVALUATION USE ONLY
CREATE TABLE core (
  COUNTRY varchar(32) DEFAULT NULL,
  POLITICAL varchar(9) DEFAULT NULL,
  OPERATIONAL varchar(11) DEFAULT NULL,
  SECURITY varchar(8) DEFAULT NULL,
  TRAVEL varchar(8) DEFAULT NULL,
  EVACUATION varchar(29) DEFAULT NULL
) ;

--
-- SQLINES DEMO *** table `core`
--

INSERT INTO core (COUNTRY, POLITICAL, OPERATIONAL, SECURITY, TRAVEL, EVACUATION) VALUES
('Afghanistan', 'High', 'Extreme', 'Extreme', 'Extreme', 'EVACUATE: NON-ESSENTIAL STAFF'),
('Albania', 'Medium', 'High', 'Low', 'Low', ' '),
('Algeria', 'High', 'Medium', 'Medium', 'High', 'WARNING'),
('American Samoa', 'Very Low', 'Low', 'Low', 'Very Low', 'PREPARATORY'),
('Andorra', 'Very Low', 'Medium', 'Very Low', 'Very Low', ' '),
('Angola', 'Medium', 'High', 'Low', 'Medium', 'PREPARATORY'),
('Anguilla', 'Low', 'Medium', 'Very Low', 'Very Low', 'PREPARATORY'),
('Antigua and Barbuda', 'Low', 'Medium', 'Low', 'Low', 'PREPARATORY'),
('Argentina', 'Medium', 'Medium', 'Low', 'Low', ' '),
('Armenia', 'Medium', 'High', 'High', 'Low', 'WARNING'),
('Aruba', 'Low', 'Medium', 'Low', 'Low', 'PREPARATORY'),
('Australia', 'Low', 'Low', 'Low', 'Low', ' '),
('Austria', 'Low', 'Medium', 'Low', 'Low', ' '),
('Azerbaijan', 'High', 'Medium', 'Medium', 'Low', 'WARNING'),
('Bahamas', 'Low', 'Medium', 'Low', 'Low', 'PREPARATORY'),
('Bahrain', 'Medium', 'Medium', 'Low', 'Low', 'WARNING'),
('Bangladesh', 'Medium', 'High', 'Medium', 'Medium', 'PREPARATORY'),
('Barbados', 'Very Low', 'Medium', 'Low', 'Low', 'PREPARATORY'),
('Belarus', 'High', 'Medium', 'Medium', 'Low', ' '),
('Belgium', 'Low', 'Medium', 'Low', 'Low', ' '),
('Belize', 'Medium', 'Medium', 'Low', 'Medium', ' '),
('Benin', 'Medium', 'Medium', 'Low', 'Low', ' '),
('Bermuda', 'Low', 'Low', 'Very Low', 'Low', 'PREPARATORY'),
('Bhutan', 'Low', 'Medium', 'Low', 'Low', ' '),
('Bolivia', 'Medium', 'High', 'Medium', 'Medium', 'WARNING'),
('Bonaire, Sint Eustatius and Saba', 'Low', 'Medium', 'Low', 'Low', 'PREPARATORY'),
('Bosnia and Herzegovina', 'Medium', 'Medium', 'Medium', 'Low', ' '),
('Botswana', 'Low', 'Medium', 'Low', 'Low', ' '),
('Brazil', 'Medium', 'Medium', 'Medium', 'Medium', ' '),
('British Virgin Islands', 'Low', 'Medium', 'Very Low', 'Very Low', 'PREPARATORY'),
('Brunei', 'Low', 'Low', 'Low', 'Low', ' '),
('Bulgaria', 'Medium', 'High', 'Low', 'Low', ' '),
('Burkina Faso', 'Medium', 'High', 'High', 'High', 'WARNING'),
('Burundi', 'Extreme', 'Extreme', 'Medium', 'Medium', 'WARNING'),
('Cabo Verde', 'Low', 'Medium', 'Low', 'Very Low', ' '),
('Cambodia', 'Medium', 'High', 'Medium', 'Medium', 'PREPARATORY'),
('Cameroon', 'Medium', 'High', 'Medium', 'Medium', 'PREPARATORY'),
('Canada', 'Low', 'Low', 'Low', 'Low', ' '),
('Cayman Islands', 'Low', 'Very Low', 'Low', 'Very Low', 'PREPARATORY'),
('Central African Republic', 'Extreme', 'Extreme', 'Extreme', 'Extreme', 'EVACUATE: NON-ESSENTIAL STAFF'),
('Chad', 'High', 'High', 'Medium', 'Medium', 'WARNING'),
('Chile', 'Medium', 'Low', 'Low', 'Low', ' '),
('China', 'Medium', 'Medium', 'Low', 'Low', 'PREPARATORY'),
('Colombia', 'Low', 'Medium', 'Medium', 'Medium', 'PREPARATORY'),
('Comoros', 'High', 'High', 'Low', 'Low', 'PREPARATORY'),
('Congo', 'Medium', 'High', 'Low', 'Medium', 'WARNING'),
('DR Congo', 'High', 'High', 'Medium', 'High', 'WARNING'),
('Cook Islands', 'Medium', 'Medium', 'Very Low', 'Very Low', ' '),
('Costa Rica', 'Low', 'Low', 'Low', 'Low', ' '),
('Ivory Coast', 'Medium', 'Medium', 'Medium', 'Medium', 'WARNING'),
('Croatia', 'Medium', 'High', 'Low', 'Low', ' '),
('Cuba', 'Medium', 'High', 'Low', 'Low', 'PREPARATORY'),
('Curaçao', 'Low', 'Medium', 'Low', 'Low', 'PREPARATORY'),
('Cyprus', 'Low', 'Medium', 'Low', 'Low', ' '),
('Czech Republic', 'Medium', 'High', 'Low', 'Low', ' '),
('Denmark', 'Very Low', 'Low', 'Very Low', 'Very Low', ' '),
('Djibouti', 'Medium', 'High', 'Low', 'Medium', 'PREPARATORY'),
('Dominica', 'Low', 'Medium', 'Very Low', 'Low', 'PREPARATORY'),
('Dominican Republic', 'Low', 'Medium', 'Low', 'Medium', 'PREPARATORY'),
('Ecuador', 'Medium', 'Medium', 'Medium', 'Low', 'PREPARATORY'),
('Egypt', 'Medium', 'Medium', 'Medium', 'Medium', 'WARNING'),
('El Salvador', 'Medium', 'Medium', 'High', 'High', ' '),
('Equatorial Guinea', 'High', 'High', 'Low', 'Low', 'WARNING'),
('Eritrea', 'High', 'Extreme', 'Medium', 'Medium', 'WARNING'),
('Estonia', 'Low', 'Medium', 'Low', 'Low', ' '),
('Eswatini', 'Medium', 'Medium', 'Medium', 'Medium', ' '),
('Ethiopia', 'Medium', 'Medium', 'Medium', 'Medium', 'WARNING'),
('Fiji', 'Medium', 'Medium', 'Medium', 'Medium', 'PREPARATORY'),
('Finland', 'Very Low', 'Low', 'Very Low', 'Very Low', ' '),
('France', 'Low', 'Medium', 'Low', 'Low', ' '),
('French Guiana', 'Medium', 'Low', 'Low', 'Low', ' '),
('French Polynesia', 'Medium', 'Low', 'Low', 'Low', ' '),
('Gabon', 'Medium', 'Medium', 'Low', 'Low', 'WARNING'),
('Gambia', 'Medium', 'Medium', 'Low', 'Low', 'PREPARATORY'),
('Georgia', 'Medium', 'Medium', 'Low', 'Low', 'PREPARATORY'),
('Germany', 'Low', 'Medium', 'Low', 'Low', ' '),
('Ghana', 'Low', 'Medium', 'Low', 'Low', ' '),
('Gibraltar', 'Medium', 'Medium', 'Low', 'Low', ' '),
('Greece', 'Medium', 'High', 'Low', 'Low', ' '),
('Greenland', 'Low', 'High', 'Very Low', 'Very Low', ' '),
('Grenada', 'Low', 'Medium', 'Low', 'Low', 'PREPARATORY'),
('Guadeloupe', 'Very Low', 'Medium', 'Low', 'Low', 'PREPARATORY'),
('Guam', 'Very Low', 'Low', 'Low', 'Low', ' '),
('Guatemala', 'High', 'Medium', 'Medium', 'Medium', 'PREPARATORY'),
('Guinea', 'High', 'High', 'Medium', 'Medium', 'WARNING'),
('Guinea-Bissau', 'High', 'High', 'Medium', 'Medium', 'WARNING'),
('Guyana', 'Medium', 'High', 'Medium', 'Medium', ' '),
('Haiti', 'High', 'High', 'High', 'High', 'EVACUATE: NON-ESSENTIAL STAFF'),
('Honduras', 'Medium', 'Medium', 'High', 'High', 'PREPARATORY'),
('Hungary', 'Medium', 'High', 'Low', 'Low', ' '),
('Iceland', 'Low', 'Medium', 'Very Low', 'Very Low', ' '),
('India', 'Medium', 'Medium', 'Medium', 'Medium', 'PREPARATORY'),
('Indonesia', 'Medium', 'Medium', 'Medium', 'Medium', 'PREPARATORY'),
('Iran', 'High', 'Medium', 'Low', 'Medium', 'WARNING'),
('Iraq', 'High', 'High', 'High', 'Extreme', 'EVACUATE: NON-ESSENTIAL STAFF'),
('Ireland', 'Low', 'Medium', 'Low', 'Low', ' '),
('Israel', 'Medium', 'Medium', 'Low', 'Medium', 'WARNING'),
('Italy', 'Medium', 'Medium', 'Low', 'Low', ' '),
('Jamaica', 'Low', 'Medium', 'Medium', 'Medium', 'PREPARATORY'),
('Japan', 'Low', 'Low', 'Low', 'Low', 'PREPARATORY'),
('Jordan', 'Medium', 'High', 'Low', 'Low', 'PREPARATORY'),
('Kazakhstan', 'Medium', 'High', 'Low', 'Medium', 'PREPARATORY'),
('Kenya', 'Medium', 'Medium', 'Medium', 'Medium', 'WARNING'),
('Kiribati', 'Low', 'High', 'Low', 'Very Low', ' '),
('Kosovo', 'Medium', 'High', 'Low', 'Medium', ' '),
('Kuwait', 'Medium', 'High', 'Low', 'Low', 'PREPARATORY'),
('Kyrgyzstan', 'High', 'High', 'High', 'Medium', 'WARNING'),
('Lao People\'s Democratic Rep', 'Medium', 'High', 'Low', 'Low', ' '),
('Latvia', 'Low', 'Medium', 'Low', 'Low', ' '),
('Lebanon', 'High', 'High', 'Medium', 'Medium', 'EVACUATE: NON-ESSENTIAL STAFF'),
('Lesotho', 'Medium', 'High', 'Medium', 'Medium', 'WARNING'),
('Liberia', 'Medium', 'High', 'Medium', 'Medium', 'WARNING'),
('Libya', 'Extreme', 'High', 'High', 'Extreme', 'EVACUATE: FULL EVACUATION'),
('Liechtenstein', 'Very Low', 'Low', 'Very Low', 'Very Low', ' '),
('Lithuania', 'Low', 'Medium', 'Low', 'Low', ' '),
('Luxembourg', 'Very Low', 'Low', 'Very Low', 'Very Low', ' '),
('Madagascar', 'Medium', 'High', 'Medium', 'Medium', 'WARNING'),
('Malawi', 'Medium', 'High', 'Low', 'Low', ' '),
('Malaysia', 'Medium', 'Medium', 'Low', 'Low', ' '),
('Maldives', 'Medium', 'Medium', 'Low', 'Low', 'PREPARATORY'),
('Mali', 'High', 'High', 'Medium', 'Medium', 'WARNING'),
('Malta', 'Low', 'Medium', 'Very Low', 'Low', ' '),
('Marshall Islands', 'Low', 'High', 'Very Low', 'Very Low', ' '),
('Martinique', 'Very Low', 'Medium', 'Low', 'Low', 'PREPARATORY'),
('Mauritania', 'High', 'High', 'Medium', 'Medium', 'WARNING'),
('Mauritius', 'Low', 'Medium', 'Low', 'Low', ' '),
('Mayotte', 'Low', 'Medium', 'Low', 'Medium', ' '),
('Mexico', 'Medium', 'Medium', 'Medium', 'Medium', ' '),
('Micronesia', 'Low', 'Low', 'Low', 'Low', ' '),
('Moldova', 'High', 'Medium', 'Low', 'Low', ' '),
('Monaco', 'Very Low', 'Low', 'Very Low', 'Very Low', ' '),
('Mongolia', 'Medium', 'Medium', 'Medium', 'Medium', 'PREPARATORY'),
('Montenegro', 'Medium', 'Medium', 'Low', 'Low', ' '),
('Montserrat', 'Very Low', 'Medium', 'Low', 'Low', 'PREPARATORY'),
('Morocco', 'Medium', 'Medium', 'Low', 'Low', ' '),
('Mozambique', 'Medium', 'High', 'Medium', 'Medium', 'WARNING'),
('Myanmar', 'High', 'High', 'Medium', 'Medium', 'PREPARATORY'),
('Namibia', 'Low', 'Medium', 'Low', 'Low', ' '),
('Nauru', 'Medium', 'High', 'Medium', 'Very Low', ' '),
('Nepal', 'Medium', 'High', 'Medium', 'Medium', 'PREPARATORY'),
('Netherlands', 'Low', 'Medium', 'Low', 'Low', ' '),
('New Caledonia', 'Medium', 'Low', 'Low', 'Low', ' '),
('New Zealand', 'Low', 'Low', 'Low', 'Low', ' '),
('Nicaragua', 'High', 'Medium', 'Medium', 'Medium', 'WARNING'),
('Niger', 'Medium', 'High', 'Medium', 'Medium', 'WARNING'),
('Nigeria', 'Medium', 'High', 'High', 'High', 'WARNING'),
('North Korea', 'Extreme', 'Extreme', 'Medium', 'Medium', 'WARNING'),
('Macedonia', 'Medium', 'Medium', 'Low', 'Low', ' '),
('Northern Mariana Islands', 'Low', 'Low', 'Low', 'Low', ' '),
('Norway', 'Very Low', 'Low', 'Very Low', 'Very Low', ' '),
('Oman', 'Medium', 'Medium', 'Low', 'Low', 'PREPARATORY'),
('Pakistan', 'Medium', 'High', 'High', 'High', 'STAND BY'),
('Palau', 'Very Low', 'Low', 'Low', 'Very Low', ' '),
('Palestinian Authority', 'High', 'High', 'Medium', 'Medium', 'WARNING'),
('Panama', 'Low', 'Medium', 'Low', 'Low', ' '),
('Papua New Guinea', 'High', 'High', 'High', 'High', 'PREPARATORY'),
('Paraguay', 'Medium', 'Medium', 'Low', 'Low', ' '),
('Peru', 'Medium', 'Medium', 'Medium', 'Medium', 'PREPARATORY'),
('Philippines', 'Medium', 'Medium', 'Medium', 'Medium', 'WARNING'),
('Poland', 'Medium', 'High', 'Low', 'Low', ' '),
('Portugal', 'Low', 'Medium', 'Low', 'Low', ' '),
('Puerto Rico', 'Low', 'High', 'Medium', 'Low', 'PREPARATORY'),
('Qatar', 'Medium', 'High', 'Low', 'Low', 'PREPARATORY'),
('Réunion', 'Low', 'Medium', 'Low', 'Low', ' '),
('Romania', 'Medium', 'High', 'Low', 'Low', ' '),
('Russia', 'Medium', 'High', 'Medium', 'Medium', ' '),
('Rwanda', 'Medium', 'Medium', 'Low', 'Low', ' '),
('Samoa', 'Low', 'Medium', 'Low', 'Low', 'PREPARATORY'),
('San Marino', 'Very Low', 'Low', 'Very Low', 'Very Low', ' '),
('São Tomé and Príncipe', 'Medium', 'High', 'Low', 'Low', ' '),
('Saudi Arabia', 'Medium', 'High', 'Low', 'Medium', 'WARNING'),
('Senegal', 'Low', 'Medium', 'Low', 'Low', 'PREPARATORY'),
('Serbia', 'Medium', 'Medium', 'Low', 'Low', ' '),
('Seychelles', 'Low', 'Medium', 'Very Low', 'Very Low', ' '),
('Sierra Leone', 'Medium', 'High', 'Medium', 'Medium', 'WARNING'),
('Singapore', 'Very Low', 'Low', 'Low', 'Low', ' '),
('Slovakia', 'Medium', 'High', 'Low', 'Low', ' '),
('Slovenia', 'Low', 'Medium', 'Very Low', 'Very Low', ' '),
('Solomon Islands', 'Medium', 'High', 'Medium', 'Medium', 'PREPARATORY'),
('Somalia', 'Extreme', 'Extreme', 'Extreme', 'Extreme', 'EVACUATE: FULL EVACUATION'),
('South Africa', 'Medium', 'High', 'Medium', 'Medium', ' '),
('Korea', 'Low', 'Low', 'Low', 'Low', 'WARNING'),
('South Sudan', 'Extreme', 'Extreme', 'High', 'Extreme', 'EVACUATE: NON-ESSENTIAL STAFF'),
('Spain', 'Medium', 'Medium', 'Low', 'Low', ' '),
('Sri Lanka', 'Medium', 'Medium', 'Medium', 'Medium', 'PREPARATORY'),
('St Kitts and Nevis', 'Low', 'Medium', 'Low', 'Low', 'PREPARATORY'),
('Saint Lucia', 'Low', 'Medium', 'Low', 'Low', 'PREPARATORY'),
('St Maarten', 'Low', 'High', 'Low', 'Low', 'PREPARATORY'),
('St Martin', 'Very Low', 'High', 'Low', 'Low', 'PREPARATORY'),
('St Vincent and the Grenadines', 'Very Low', 'Medium', 'Low', 'Low', 'PREPARATORY'),
('Sudan', 'High', 'High', 'Medium', 'Medium', 'WARNING'),
('Suriname', 'Medium', 'Medium', 'Low', 'Low', ' '),
('Sweden', 'Very Low', 'Low', 'Very Low', 'Low', ' '),
('Switzerland', 'Very Low', 'Medium', 'Very Low', 'Very Low', ' '),
('Syria', 'Extreme', 'Extreme', 'Extreme', 'Extreme', 'EVACUATE: FULL EVACUATION'),
('Taiwan', 'Low', 'Low', 'Low', 'Low', 'PREPARATORY'),
('Tajikistan', 'High', 'High', 'High', 'Medium', 'PREPARATORY'),
('Tanzania', 'Medium', 'High', 'Medium', 'Medium', ' '),
('Thailand', 'High', 'Medium', 'Low', 'Low', 'PREPARATORY'),
('Timor-Leste', 'High', 'High', 'Medium', 'Medium', 'PREPARATORY'),
('Togo', 'Medium', 'Medium', 'Medium', 'Medium', 'PREPARATORY'),
('Tonga', 'Medium', 'Medium', 'Low', 'Low', ' '),
('Trinidad and Tobago', 'Low', 'Medium', 'Medium', 'Medium', 'PREPARATORY'),
('Tunisia', 'Medium', 'Medium', 'Medium', 'Medium', 'PREPARATORY'),
('Turkey', 'Medium', 'High', 'Medium', 'Medium', 'PREPARATORY'),
('Turkmenistan', 'High', 'High', 'Medium', 'Medium', 'EVACUATE: NON-ESSENTIAL STAFF'),
('Turks and Caicos Islands', 'Low', 'Medium', 'Very Low', 'Very Low', 'PREPARATORY'),
('Tuvalu', 'Low', 'High', 'Very Low', 'Very Low', ' '),
('Uganda', 'Medium', 'High', 'Medium', 'Medium', ' '),
('Ukraine', 'High', 'High', 'Medium', 'Medium', 'WARNING'),
('United Arab Emirates', 'Medium', 'Medium', 'Low', 'Low', 'PREPARATORY'),
('United Kingdom', 'Medium', 'Medium', 'Low', 'Low', ' '),
('United States', 'Low', 'Low', 'Low', 'Low', ' '),
('Uruguay', 'Low', 'Low', 'Low', 'Low', ' '),
('US Virgin Islands', 'Low', 'High', 'Low', 'Low', 'PREPARATORY'),
('Uzbekistan', 'Medium', 'High', 'Low', 'Low', 'PREPARATORY'),
('Vanuatu', 'Medium', 'Medium', 'Low', 'Low', 'PREPARATORY'),
('Vatican City', 'Very Low', 'Low', 'Very Low', 'Low', ' '),
('Venezuela', 'High', 'High', 'High', 'High', 'EVACUATE: NON-ESSENTIAL STAFF'),
('Vietnam', 'Low', 'Medium', 'Low', 'Low', ' '),
('Wallis and Futuna', 'Low', 'Medium', 'Very Low', 'Very Low', ' '),
('Yemen', 'Extreme', 'Extreme', 'Extreme', 'Extreme', 'EVACUATE: FULL EVACUATION'),
('Zambia', 'Medium', 'Medium', 'Low', 'Low', ' '),
('Zimbabwe', 'High', 'High', 'Medium', 'Medium', 'WARNING'),
('', NULL, NULL, NULL, NULL, NULL);

-- --------------------------------------------------------

--
-- Table structure for table `headcount`
--

CREATE TABLE `headcount` (
  `idx` int(3) DEFAULT NULL,
  `Area` varchar(12) DEFAULT NULL,
  `Geo_region` varchar(13) DEFAULT NULL,
  `Geo_count` varchar(27) DEFAULT NULL,
  `Location_city` varchar(23) DEFAULT NULL,
  `Head_count` varchar(17452) DEFAULT NULL
) ENGINE=InnoDB DEFAULT CHARSET=utf8;

--
-- Dumping data for table `headcount`
--

INSERT INTO `headcount` (`idx`, `Area`, `Geo_region`, `Geo_count`, `Location_city`, `Head_count`) VALUES
(1, 'Americas', 'BBC', 'Bahamas', 'Nassau', '10'),
(2, 'Americas', 'BBC', 'Bermuda', 'Hamilton', '20'),
(3, 'Americas', 'BBC', 'British Virgin Islands', 'Road Town', '30'),
(4, 'Americas', 'BBC', 'Cayman Islands', 'George Town', '40'),
(5, 'Americas', 'Canada', 'Canada', 'Calgary', '50'),
(6, 'Americas', 'Canada', 'Canada', 'Dieppe', '60'),
(7, 'Americas', 'Canada', 'Canada', 'Edmonton', '70'),
(8, 'Americas', 'Canada', 'Canada', 'Halifax', '80'),
(9, 'Americas', 'Canada', 'Canada', 'London', '90'),
(10, 'Americas', 'Canada', 'Canada', 'Montréal', '100'),
(11, 'Americas', 'Canada', 'Canada', 'Ottawa', '110'),
(12, 'Americas', 'Canada', 'Canada', 'Québec City', '120'),
(13, 'Americas', 'Canada', 'Canada', 'Saint John', '130'),
(14, 'Americas', 'Canada', 'Canada', 'Saskatoon', '140'),
(15, 'Americas', 'Canada', 'Canada', 'St. John\'s', '150'),
(16, 'Americas', 'Canada', 'Canada', 'Toronto', '160'),
(17, 'Americas', 'Canada', 'Canada', 'Vancouver', '170'),
(18, 'Americas', 'Canada', 'Canada', 'Victoria', '180'),
(19, 'Americas', 'Canada', 'Canada', 'Waterloo', '190'),
(20, 'Americas', 'Canada', 'Canada', 'Winnipeg', '200'),
(21, 'Americas', 'Israel', 'Israel', 'Haifa', '210'),
(22, 'Americas', 'Israel', 'Israel', 'Jerusalem', '220'),
(23, 'Americas', 'Israel', 'Israel', 'Tel Aviv', '230'),
(24, 'Americas', 'Latam North', 'Bolivia', 'La Paz', '240'),
(25, 'Americas', 'Latam North', 'Bolivia', 'Santa Cruz', '250'),
(26, 'Americas', 'Latam North', 'Colombia', 'Barranquilla', '260'),
(27, 'Americas', 'Latam North', 'Colombia', 'Bogotá', '270'),
(28, 'Americas', 'Latam North', 'Colombia', 'Cali', '280'),
(29, 'Americas', 'Latam North', 'Colombia', 'Medellin', '290'),
(30, 'Americas', 'Latam North', 'Costa Rica', 'San José', '300'),
(31, 'Americas', 'Latam North', 'Dominican Republic', 'Santo Domingo', '310'),
(32, 'Americas', 'Latam North', 'Ecuador', 'Guayaquil', '320'),
(33, 'Americas', 'Latam North', 'Ecuador', 'Quito', '330'),
(34, 'Americas', 'Latam North', 'El Salvador', 'San Salvador', '340'),
(35, 'Americas', 'Latam North', 'Guatemala', 'Ciudad de Chimaltenango', '350'),
(36, 'Americas', 'Latam North', 'Guatemala', 'Guatemala', '360'),
(37, 'Americas', 'Latam North', 'Honduras', 'San Pedro Sula', '370'),
(38, 'Americas', 'Latam North', 'Honduras', 'Tegucigalpa', '380'),
(39, 'Americas', 'Latam North', 'Mexico', 'Aguascalientes', '390'),
(40, 'Americas', 'Latam North', 'Mexico', 'Chihuahua', '400'),
(41, 'Americas', 'Latam North', 'Mexico', 'Ciudad de México', '410'),
(42, 'Americas', 'Latam North', 'Mexico', 'Ciudad Juárez', '420'),
(43, 'Americas', 'Latam North', 'Mexico', 'Guadalajara', '430'),
(44, 'Americas', 'Latam North', 'Mexico', 'Leon', '440'),
(45, 'Americas', 'Latam North', 'Mexico', 'Mexicali', '450'),
(46, 'Americas', 'Latam North', 'Mexico', 'Mexico City', '460'),
(47, 'Americas', 'Latam North', 'Mexico', 'Puebla', '470'),
(48, 'Americas', 'Latam North', 'Mexico', 'Queretaro', '480'),
(49, 'Americas', 'Latam North', 'Mexico', 'Queretaro', '490'),
(50, 'Americas', 'Latam North', 'Mexico', 'San Luis Potosi', '500'),
(51, 'Americas', 'Latam North', 'Mexico', 'San Pedro Garza García', '510'),
(52, 'Americas', 'Latam North', 'Mexico', 'Tijuana', '520'),
(53, 'Americas', 'Latam North', 'Nicaragua', 'Managua', '530'),
(54, 'Americas', 'Latam North', 'Panama', 'Obarrio', '540'),
(55, 'Americas', 'Latam North', 'Panama', 'Panama', '550'),
(56, 'Americas', 'Latam North', 'Panama', 'Panama', '560'),
(57, 'Americas', 'Latam North', 'Panama', 'Panama', '570'),
(58, 'Americas', 'Latam North', 'Peru', 'Arequipa', '580'),
(59, 'Americas', 'Latam North', 'Peru', 'Chiclayo', '590'),
(60, 'Americas', 'Latam North', 'Peru', 'Lima', '600'),
(61, 'Americas', 'Latam North', 'Peru', 'Trujillo', '610'),
(62, 'Americas', 'Latam North', 'Venezuela', 'Caracas', '620'),
(63, 'Americas', 'Latam North', 'Venezuela', 'Puerto La Cruz', '630'),
(64, 'Americas', 'Latam North', 'Venezuela', 'Valencia', '640'),
(65, 'Americas', 'Latam South', 'Argentina', 'Buenos Aires', '650'),
(66, 'Americas', 'Latam South', 'Argentina', 'Buenos Aires', '660'),
(67, 'Americas', 'Latam South', 'Argentina', 'Cordoba', '670'),
(68, 'Americas', 'Latam South', 'Brazil', 'Belo Horizonte', '680'),
(69, 'Americas', 'Latam South', 'Brazil', 'Blumenau', '690'),
(70, 'Americas', 'Latam South', 'Brazil', 'Brasilia', '700'),
(71, 'Americas', 'Latam South', 'Brazil', 'Campinas', '710'),
(72, 'Americas', 'Latam South', 'Brazil', 'Curitiba', '720'),
(73, 'Americas', 'Latam South', 'Brazil', 'Fortaleza', '730'),
(74, 'Americas', 'Latam South', 'Brazil', 'Goiania', '740'),
(75, 'Americas', 'Latam South', 'Brazil', 'Macae', '750'),
(76, 'Americas', 'Latam South', 'Brazil', 'Porto Alegre', '760'),
(77, 'Americas', 'Latam South', 'Brazil', 'Recife', '770'),
(78, 'Americas', 'Latam South', 'Brazil', 'Rio de Janeiro', '780'),
(79, 'Americas', 'Latam South', 'Brazil', 'Rio de Janeiro', '790'),
(80, 'Americas', 'Latam South', 'Brazil', 'Salvador', '800'),
(81, 'Americas', 'Latam South', 'Brazil', 'São Paulo (CENESP)', '810'),
(82, 'Americas', 'Latam South', 'Brazil', 'São Paulo JK', '820'),
(83, 'Americas', 'Latam South', 'Chile', 'Concepción', '830'),
(84, 'Americas', 'Latam South', 'Chile', 'Puerto Montt', '840'),
(85, 'Americas', 'Latam South', 'Chile', 'Santiago', '850'),
(86, 'Americas', 'Latam South', 'Chile', 'Viña del Mar', '860'),
(87, 'Americas', 'Latam South', 'Paraguay', 'Asunción', '870'),
(88, 'Americas', 'Latam South', 'Uruguay', 'Montevideo', '880'),
(89, 'Americas', 'US-Central', 'Aruba', 'Oranjestad', '890'),
(90, 'Americas', 'US-Central', 'Barbados', 'Welches', '900'),
(91, 'Americas', 'US-Central', 'Curacao', 'Willemstad', '910'),
(92, 'Americas', 'US-Central', 'Guyana', 'Georgetown', '920'),
(93, 'Americas', 'US-Central', 'Jamaica', 'Kingston', '930'),
(94, 'Americas', 'US-Central', 'Saint Lucia', 'Rodney Bay', '940'),
(95, 'Americas', 'US-Central', 'Suriname', 'Paramaribo', '950'),
(96, 'Americas', 'US-Central', 'Trinidad and Tobago', 'Port-of-Spain', '960'),
(97, 'Americas', 'US-Central', 'United States', 'Akron', '970'),
(98, 'Americas', 'US-Central', 'United States', 'Alpharetta', '980'),
(99, 'Americas', 'US-Central', 'United States', 'Alpharetta', '990'),
(100, 'Americas', 'US-Central', 'United States', 'Alpharetta', '1000'),
(101, 'Americas', 'US-Central', 'United States', 'Atlanta', '1010'),
(102, 'Americas', 'US-Central', 'United States', 'Birmingham', '1020'),
(103, 'Americas', 'US-Central', 'United States', 'Boca Raton', '1030'),
(104, 'Americas', 'US-Central', 'United States', 'Charleston', '1040'),
(105, 'Americas', 'US-Central', 'United States', 'Charlotte', '1050'),
(106, 'Americas', 'US-Central', 'United States', 'Charlotte', '1060'),
(107, 'Americas', 'US-Central', 'United States', 'Charlotte', '1070'),
(108, 'Americas', 'US-Central', 'United States', 'Charlotte Amalie', '1080'),
(109, 'Americas', 'US-Central', 'United States', 'Chattanooga', '1090'),
(110, 'Americas', 'US-Central', 'United States', 'Chicago', '1100'),
(111, 'Americas', 'US-Central', 'United States', 'Chicago', '1110'),
(112, 'Americas', 'US-Central', 'United States', 'Chicago', '1120'),
(113, 'Americas', 'US-Central', 'United States', 'Cincinnati', '1130'),
(114, 'Americas', 'US-Central', 'United States', 'Cleveland', '1140'),
(115, 'Americas', 'US-Central', 'United States', 'Des Moines', '1150'),
(116, 'Americas', 'US-Central', 'United States', 'Detroit', '1160'),
(117, 'Americas', 'US-Central', 'United States', 'Grand Rapids', '1170'),
(118, 'Americas', 'US-Central', 'United States', 'Grandview Heights', '1180'),
(119, 'Americas', 'US-Central', 'United States', 'Greenville', '1190'),
(120, 'Americas', 'US-Central', 'United States', 'Indianapolis', '1200'),
(121, 'Americas', 'US-Central', 'United States', 'Jacksonville', '1210'),
(122, 'Americas', 'US-Central', 'United States', 'Jacksonville', '1220'),
(123, 'Americas', 'US-Central', 'United States', 'Kansas City', '1230'),
(124, 'Americas', 'US-Central', 'United States', 'Louisville', '1240'),
(125, 'Americas', 'US-Central', 'United States', 'Memphis', '1250'),
(126, 'Americas', 'US-Central', 'United States', 'Miami', '1260'),
(127, 'Americas', 'US-Central', 'United States', 'Milwaukee', '1270'),
(128, 'Americas', 'US-Central', 'United States', 'Minneapolis', '1280'),
(129, 'Americas', 'US-Central', 'United States', 'Nashville', '1290'),
(130, 'Americas', 'US-Central', 'United States', 'Nashville', '1300'),
(131, 'Americas', 'US-Central', 'United States', 'Orlando', '1310'),
(132, 'Americas', 'US-Central', 'United States', 'Pittsburgh', '1320'),
(133, 'Americas', 'US-Central', 'United States', 'Raleigh', '1330'),
(134, 'Americas', 'US-Central', 'United States', 'San Juan', '1340'),
(135, 'Americas', 'US-Central', 'United States', 'St. Louis', '1350'),
(136, 'Americas', 'US-Central', 'United States', 'Tallahassee', '1360'),
(137, 'Americas', 'US-Central', 'United States', 'Tampa', '1370'),
(138, 'Americas', 'US-Central', 'United States', 'Toledo', '1380'),
(139, 'Americas', 'US-Central', 'United States', 'Winston-Salem', '1390'),
(140, 'Americas', 'US-East', 'United States', 'Baltimore', '1400'),
(141, 'Americas', 'US-East', 'United States', 'Boston', '1410'),
(142, 'Americas', 'US-East', 'United States', 'Boston', '1420'),
(143, 'Americas', 'US-East', 'United States', 'Brooklyn', '1430'),
(144, 'Americas', 'US-East', 'United States', 'Buffalo', '1440'),
(145, 'Americas', 'US-East', 'United States', 'Cambridge', '1450'),
(146, 'Americas', 'US-East', 'United States', 'Columbia', '1460'),
(147, 'Americas', 'US-East', 'United States', 'Greenwich', '1470'),
(148, 'Americas', 'US-East', 'United States', 'Hartford', '1480'),
(149, 'Americas', 'US-East', 'United States', 'Hoboken', '1490'),
(150, 'Americas', 'US-East', 'United States', 'Iselin', '1500'),
(151, 'Americas', 'US-East', 'United States', 'Jericho', '1510'),
(152, 'Americas', 'US-East', 'United States', 'Manayunk', '1520'),
(153, 'Americas', 'US-East', 'United States', 'McLean', '1530'),
(154, 'Americas', 'US-East', 'United States', 'New York', '1540'),
(155, 'Americas', 'US-East', 'United States', 'New York', '1550'),
(156, 'Americas', 'US-East', 'United States', 'New York', '1560'),
(157, 'Americas', 'US-East', 'United States', 'New York', '1570'),
(158, 'Americas', 'US-East', 'United States', 'New York', '1580'),
(159, 'Americas', 'US-East', 'United States', 'Philadelphia', '1590'),
(160, 'Americas', 'US-East', 'United States', 'Providence', '1600'),
(161, 'Americas', 'US-East', 'United States', 'Richmond', '1610'),
(162, 'Americas', 'US-East', 'United States', 'Rochester', '1620'),
(163, 'Americas', 'US-East', 'United States', 'Secaucus', '1630'),
(164, 'Americas', 'US-East', 'United States', 'Secaucus', '1640'),
(165, 'Americas', 'US-East', 'United States', 'Secaucus', '1650'),
(166, 'Americas', 'US-East', 'United States', 'Stamford', '1660'),
(167, 'Americas', 'US-East', 'United States', 'Syracuse', '1670'),
(168, 'Americas', 'US-East', 'United States', 'Washington', '1680'),
(169, 'Americas', 'US-West', 'United States', 'Austin', '1690'),
(170, 'Americas', 'US-West', 'United States', 'Austin', '1700'),
(171, 'Americas', 'US-West', 'United States', 'Dallas', '1710'),
(172, 'Americas', 'US-West', 'United States', 'Dallas', '1720'),
(173, 'Americas', 'US-West', 'United States', 'Denver', '1730'),
(174, 'Americas', 'US-West', 'United States', 'Fort Worth', '1740'),
(175, 'Americas', 'US-West', 'United States', 'Honolulu', '1750'),
(176, 'Americas', 'US-West', 'United States', 'Houston', '1760'),
(177, 'Americas', 'US-West', 'United States', 'Irvine', '1770'),
(178, 'Americas', 'US-West', 'United States', 'Las Vegas', '1780'),
(179, 'Americas', 'US-West', 'United States', 'Los Angeles', '1790'),
(180, 'Americas', 'US-West', 'United States', 'New Orleans', '1800'),
(181, 'Americas', 'US-West', 'United States', 'Oklahoma City', '1810'),
(182, 'Americas', 'US-West', 'United States', 'Palo Alto', '1820'),
(183, 'Americas', 'US-West', 'United States', 'Phoenix', '1830'),
(184, 'Americas', 'US-West', 'United States', 'Portland', '1840'),
(185, 'Americas', 'US-West', 'United States', 'Portland', '1850'),
(186, 'Americas', 'US-West', 'United States', 'Redwood City', '1860'),
(187, 'Americas', 'US-West', 'United States', 'Rogers', '1870'),
(188, 'Americas', 'US-West', 'United States', 'Roseville', '1880'),
(189, 'Americas', 'US-West', 'United States', 'Salt Lake City', '1890'),
(190, 'Americas', 'US-West', 'United States', 'San Antonio', '1900'),
(191, 'Americas', 'US-West', 'United States', 'San Antonio', '1910'),
(192, 'Americas', 'US-West', 'United States', 'San Diego', '1920'),
(193, 'Americas', 'US-West', 'United States', 'San Francisco', '1930'),
(194, 'Americas', 'US-West', 'United States', 'San Jose', '1940'),
(195, 'Americas', 'US-West', 'United States', 'Seattle', '1950'),
(196, 'Americas', 'US-West', 'United States', 'Tucson', '1960'),
(197, 'Americas', 'US-West', 'United States', 'Tulsa', '1970'),
(198, 'Americas', 'US-West', 'United States', 'Westlake Village', '1980'),
(199, 'Americas', 'US-West', 'United States', 'Wichita', '1990'),
(200, 'Asia-Pacific', 'ASEAN', 'Brunei', 'Bandar Seri Begawan', '2000'),
(201, 'Asia-Pacific', 'ASEAN', 'Brunei', 'Kuala Belait', '10'),
(202, 'Asia-Pacific', 'ASEAN', 'Cambodia', 'Phnom Penh', '20'),
(203, 'Asia-Pacific', 'ASEAN', 'Guam', 'Tamuning', '30'),
(204, 'Asia-Pacific', 'ASEAN', 'Indonesia', 'Jakarta', '40'),
(205, 'Asia-Pacific', 'ASEAN', 'Indonesia', 'Jakarta', '50'),
(206, 'Asia-Pacific', 'ASEAN', 'Indonesia', 'Jakarta', '60'),
(207, 'Asia-Pacific', 'ASEAN', 'Indonesia', 'Jakarta', '70'),
(208, 'Asia-Pacific', 'ASEAN', 'Indonesia', 'Surabaya', '80'),
(209, 'Asia-Pacific', 'ASEAN', 'Indonesia', 'Surabaya', '90'),
(210, 'Asia-Pacific', 'ASEAN', 'Lao People\'s Democratic Rep', 'Vientiane', '100'),
(211, 'Asia-Pacific', 'ASEAN', 'Malaysia', 'Bintulu', '110'),
(212, 'Asia-Pacific', 'ASEAN', 'Malaysia', 'Ipoh', '120'),
(213, 'Asia-Pacific', 'ASEAN', 'Malaysia', 'Iskandar Puteri', '130'),
(214, 'Asia-Pacific', 'ASEAN', 'Malaysia', 'Kota Kinabalu', '140'),
(215, 'Asia-Pacific', 'ASEAN', 'Malaysia', 'Kuala Lumpur', '150'),
(216, 'Asia-Pacific', 'ASEAN', 'Malaysia', 'Kuala Terengganu', '160'),
(217, 'Asia-Pacific', 'ASEAN', 'Malaysia', 'Kuantan', '170'),
(218, 'Asia-Pacific', 'ASEAN', 'Malaysia', 'Kuching', '180'),
(219, 'Asia-Pacific', 'ASEAN', 'Malaysia', 'Labuan', '190'),
(220, 'Asia-Pacific', 'ASEAN', 'Malaysia', 'Melaka', '200'),
(221, 'Asia-Pacific', 'ASEAN', 'Malaysia', 'Miri', '210'),
(222, 'Asia-Pacific', 'ASEAN', 'Malaysia', 'Penang', '220'),
(223, 'Asia-Pacific', 'ASEAN', 'Malaysia', 'Penang', '230'),
(224, 'Asia-Pacific', 'ASEAN', 'Malaysia', 'Sandakan', '240'),
(225, 'Asia-Pacific', 'ASEAN', 'Malaysia', 'Tawau', '250'),
(226, 'Asia-Pacific', 'ASEAN', 'Maldives', 'Malé', '260'),
(227, 'Asia-Pacific', 'ASEAN', 'Myanmar', 'Yangon', '270'),
(228, 'Asia-Pacific', 'ASEAN', 'Northern Mariana Islands', 'Saipan', '280'),
(229, 'Asia-Pacific', 'ASEAN', 'Philippines', 'Angeles City', '290'),
(230, 'Asia-Pacific', 'ASEAN', 'Philippines', 'Bacolod City', '300'),
(231, 'Asia-Pacific', 'ASEAN', 'Philippines', 'Baguio City', '310'),
(232, 'Asia-Pacific', 'ASEAN', 'Philippines', 'Cagayan de Oro City', '320'),
(233, 'Asia-Pacific', 'ASEAN', 'Philippines', 'Cavite City', '330'),
(234, 'Asia-Pacific', 'ASEAN', 'Philippines', 'Cebu', '340'),
(235, 'Asia-Pacific', 'ASEAN', 'Philippines', 'Davao City', '350'),
(236, 'Asia-Pacific', 'ASEAN', 'Philippines', 'General Santos City', '360'),
(237, 'Asia-Pacific', 'ASEAN', 'Philippines', 'Makati City', '370'),
(238, 'Asia-Pacific', 'ASEAN', 'Philippines', 'Taguig City', '380'),
(239, 'Asia-Pacific', 'ASEAN', 'Singapore', 'Singapore', '390'),
(240, 'Asia-Pacific', 'ASEAN', 'Singapore', 'Singapore', '400'),
(241, 'Asia-Pacific', 'ASEAN', 'Sri Lanka', 'Colombo 10', '410'),
(242, 'Asia-Pacific', 'ASEAN', 'Sri Lanka', 'Galle', '420'),
(243, 'Asia-Pacific', 'ASEAN', 'Sri Lanka', 'Kandy', '430'),
(244, 'Asia-Pacific', 'ASEAN', 'Sri Lanka', 'Matara', '440'),
(245, 'Asia-Pacific', 'ASEAN', 'Thailand', 'Bangkok', '450'),
(246, 'Asia-Pacific', 'ASEAN', 'Vietnam', 'Ha Noi', '460'),
(247, 'Asia-Pacific', 'ASEAN', 'Vietnam', 'Ho Chi Minh City', '470'),
(248, 'Asia-Pacific', 'Greater China', 'China', 'Beijing', '480'),
(249, 'Asia-Pacific', 'Greater China', 'China', 'ChangSha', '490'),
(250, 'Asia-Pacific', 'Greater China', 'China', 'ChangSha', '500'),
(251, 'Asia-Pacific', 'Greater China', 'China', 'Chengdu', '510'),
(252, 'Asia-Pacific', 'Greater China', 'China', 'Chongqing', '520'),
(253, 'Asia-Pacific', 'Greater China', 'China', 'Dalian', '530'),
(254, 'Asia-Pacific', 'Greater China', 'China', 'Guangzhou', '540'),
(255, 'Asia-Pacific', 'Greater China', 'China', 'Haikou', '550'),
(256, 'Asia-Pacific', 'Greater China', 'China', 'HangZhou', '560'),
(257, 'Asia-Pacific', 'Greater China', 'China', 'Hong Kong', '570'),
(258, 'Asia-Pacific', 'Greater China', 'China', 'Hong Kong', '580'),
(259, 'Asia-Pacific', 'Greater China', 'China', 'Jinan', '590'),
(260, 'Asia-Pacific', 'Greater China', 'China', 'Kunming', '600'),
(261, 'Asia-Pacific', 'Greater China', 'China', 'Macau', '610'),
(262, 'Asia-Pacific', 'Greater China', 'China', 'Nanjing', '620'),
(263, 'Asia-Pacific', 'Greater China', 'China', 'Qingdao', '630'),
(264, 'Asia-Pacific', 'Greater China', 'China', 'Shanghai', '640'),
(265, 'Asia-Pacific', 'Greater China', 'China', 'Shanghai', '650'),
(266, 'Asia-Pacific', 'Greater China', 'China', 'ShenYang', '660'),
(267, 'Asia-Pacific', 'Greater China', 'China', 'Shenzhen', '670'),
(268, 'Asia-Pacific', 'Greater China', 'China', 'Shenzhen', '680'),
(269, 'Asia-Pacific', 'Greater China', 'China', 'Suzhou', '690'),
(270, 'Asia-Pacific', 'Greater China', 'China', 'Tianjin', '700'),
(271, 'Asia-Pacific', 'Greater China', 'China', 'Wuhan', '710'),
(272, 'Asia-Pacific', 'Greater China', 'China', 'Xiamen', '720'),
(273, 'Asia-Pacific', 'Greater China', 'China', 'Xi\'an', '730'),
(274, 'Asia-Pacific', 'Greater China', 'China', 'ZhengZhou', '740'),
(275, 'Asia-Pacific', 'Greater China', 'Mongolia', 'Ulaanbaatar', '750'),
(276, 'Asia-Pacific', 'Greater China', 'Taiwan', 'Hsinchu', '760'),
(277, 'Asia-Pacific', 'Greater China', 'Taiwan', 'Kaohsiung', '770'),
(278, 'Asia-Pacific', 'Greater China', 'Taiwan', 'Taichung', '780'),
(279, 'Asia-Pacific', 'Greater China', 'Taiwan', 'Tainan', '790'),
(280, 'Asia-Pacific', 'Greater China', 'Taiwan', 'Taipei', '800'),
(281, 'Asia-Pacific', 'Greater China', 'Taiwan', 'Taoyuan', '810'),
(282, 'Asia-Pacific', 'Japan', 'Japan', 'Chiyoda-ku', '820'),
(283, 'Asia-Pacific', 'Japan', 'Japan', 'Fukuoka', '830'),
(284, 'Asia-Pacific', 'Japan', 'Japan', 'Fukushima', '840'),
(285, 'Asia-Pacific', 'Japan', 'Japan', 'Hamamatsu', '850'),
(286, 'Asia-Pacific', 'Japan', 'Japan', 'Hiroshima', '860'),
(287, 'Asia-Pacific', 'Japan', 'Japan', 'Kanazawa', '870'),
(288, 'Asia-Pacific', 'Japan', 'Japan', 'Matsumoto', '880'),
(289, 'Asia-Pacific', 'Japan', 'Japan', 'Nagoya', '890'),
(290, 'Asia-Pacific', 'Japan', 'Japan', 'Nagoya-shi', '900'),
(291, 'Asia-Pacific', 'Japan', 'Japan', 'Naha', '910'),
(292, 'Asia-Pacific', 'Japan', 'Japan', 'Naha', '920'),
(293, 'Asia-Pacific', 'Japan', 'Japan', 'Niigata', '930'),
(294, 'Asia-Pacific', 'Japan', 'Japan', 'Niigata-shi', '940'),
(295, 'Asia-Pacific', 'Japan', 'Japan', 'Osaka-shi', '950'),
(296, 'Asia-Pacific', 'Japan', 'Japan', 'Sapporo', '960'),
(297, 'Asia-Pacific', 'Japan', 'Japan', 'Sendai', '970'),
(298, 'Asia-Pacific', 'Japan', 'Japan', 'Shizuoka', '980'),
(299, 'Asia-Pacific', 'Japan', 'Japan', 'Takamatsu', '990'),
(300, 'Asia-Pacific', 'Japan', 'Japan', 'Toyama', '1000'),
(301, 'Asia-Pacific', 'Japan', 'Japan', 'Yamagata', '1010'),
(302, 'Asia-Pacific', 'Korea', 'Korea', 'Busan', '1020'),
(303, 'Asia-Pacific', 'Korea', 'Korea', 'Seoul', '1030'),
(304, 'Asia-Pacific', 'Oceania', 'Australia', 'Adelaide', '1040'),
(305, 'Asia-Pacific', 'Oceania', 'Australia', 'Brisbane', '1050'),
(306, 'Asia-Pacific', 'Oceania', 'Australia', 'Canberra', '1060'),
(307, 'Asia-Pacific', 'Oceania', 'Australia', 'Darwin', '1070'),
(308, 'Asia-Pacific', 'Oceania', 'Australia', 'Melbourne', '1080'),
(309, 'Asia-Pacific', 'Oceania', 'Australia', 'North Sydney', '1090'),
(310, 'Asia-Pacific', 'Oceania', 'Australia', 'Perth', '1100'),
(311, 'Asia-Pacific', 'Oceania', 'Australia', 'Sydney', '1110'),
(312, 'Asia-Pacific', 'Oceania', 'Australia', 'Sydney', '1120'),
(313, 'Asia-Pacific', 'Oceania', 'Australia', 'Wollongong', '1130'),
(314, 'Asia-Pacific', 'Oceania', 'Fiji', 'Lautoka', '1140'),
(315, 'Asia-Pacific', 'Oceania', 'Fiji', 'Suva', '1150'),
(316, 'Asia-Pacific', 'Oceania', 'New Zealand', 'Auckland', '1160'),
(317, 'Asia-Pacific', 'Oceania', 'New Zealand', 'Christchurch', '1170'),
(318, 'Asia-Pacific', 'Oceania', 'New Zealand', 'Wellington', '1180'),
(319, 'Asia-Pacific', 'Oceania', 'Papua New Guinea', 'Port Moresby', '1190'),
(320, 'EMEIA', 'Africa', 'Botswana', 'Gaborone', '1200'),
(321, 'EMEIA', 'Africa', 'Ghana', 'Accra', '1210'),
(322, 'EMEIA', 'Africa', 'Kenya', 'Nairobi', '1220'),
(323, 'EMEIA', 'Africa', 'Madagascar', 'Antananarivo', '1230'),
(324, 'EMEIA', 'Africa', 'Malawi', 'Blantyre', '1240'),
(325, 'EMEIA', 'Africa', 'Malawi', 'Lilongwe', '1250'),
(326, 'EMEIA', 'Africa', 'Mauritius', 'Ebene', '1260'),
(327, 'EMEIA', 'Africa', 'Namibia', 'Walvis Bay', '1270'),
(328, 'EMEIA', 'Africa', 'Namibia', 'Windhoek', '1280'),
(329, 'EMEIA', 'Africa', 'Nigeria', 'Abuja', '1290'),
(330, 'EMEIA', 'Africa', 'Nigeria', 'Lagos', '1300'),
(331, 'EMEIA', 'Africa', 'Nigeria', 'Port Harcourt', '1310'),
(332, 'EMEIA', 'Africa', 'Rwanda', 'Kigali', '1320'),
(333, 'EMEIA', 'Africa', 'South Africa', 'Bloemfontein', '1330'),
(334, 'EMEIA', 'Africa', 'South Africa', 'Cape Town', '1340'),
(335, 'EMEIA', 'Africa', 'South Africa', 'Durban', '1350'),
(336, 'EMEIA', 'Africa', 'South Africa', 'Johannesburg', '1360'),
(337, 'EMEIA', 'Africa', 'South Africa', 'Port Elizabeth', '1370'),
(338, 'EMEIA', 'Africa', 'South Africa', 'Stellenbosch', '1380'),
(339, 'EMEIA', 'Africa', 'Tanzania', 'Dar es Salaam', '13? ???? ???????????????????????????????  ??????????????????????????????????? ???????????????????????????????????? ???????????????????????????????????????? ?????????????????????????????????????? ?????????????????????????????????????? ?????????????????????????????????????? ??????????????????????????????????? ???????????????????????????????????? ???????????????????????????????????? ???? ????????????????????????????  ??????????????????????? ??? ???????????????????????? ??????????????????????????????????? ??????????????????????????????????? ???????????????????????????????????? ??????????????????????????????????? ??????????????????????????????????? ?????????????????????? ????????????????? ?????????????????????? ????????????????? ?????????????????????? ???????????????? ????? ???? ????????????????? ??????????????????  ???????????????????????????????????? ???????????????????????????????????? ?????????????????????????????????? ???????????????????????????????????????? ????????????????????????????????????? ?????????????????????????????????????? ?????????????????????????????????????? ?????????????????????????????????????????? ??????????????????????????????????????? ???? ?????????????????????????????  ???????????????????????????????? ????????????????????????????????????? ?????????????????????????????????????? ????????????????????????????????????? ???????????????????????????????? ????????????????????????????????????? ????????????????????????????????????????? ?????????????????????????????????? ???????????????????????????????????? ???? ????????????????????????????  ???????????????????????????????? ?????????????????????????????????? ???????????????????????????????????? ???????????????????????????????????? ???????????????????????????????????? ??????????????????????????????????? ??????????????????????????????????? ?????????????????????????????????????? ???????????????????????????????????????? ???? ??????????????????????????????????  ????????????????????????????????? ?????????????????????????????????????? ???????????????????????????????????????? ????????????????????????????????? ????????????????????????????????????? ?????????????????????????????????? ?????????????????????????????????? ??????????????????????????????????????? ????????????????????????????????????????? ???  ?????????????????????? ????????????   ??? ??????????????????????????????? ? ??? ????????????????????????????????? ? ??? ????????????????????????????? ? ??? ?????????????????????????????????? ? ??? ?????????????????????????????? ? ??? ?????????????????????????????? ? ??? ????????????????????????????????? ? ??? ???????????????????????????? ? ??? ??????????????????????????? ? ???? ??????????????????????????????  ????????????????????????????????? ????????????????????????????????? ???????????????????????????????????????? ?????????????????????????????????????? ???????????????????????????????? ???????????????????????????????????? ?????????????????????????????????? ?????????????????????????????????? ?????????????????????????????????? ???? ????????????????????????????  ???????????????????????????????????? ??????????????????????????????????? ?????????????????????????????????????? ?????????????????????????????????????? ???????????????????????????????????? ????????????????????????????????? ???????????????????????????????????? ??????????????????????????????????? ??????????????????????????????????? ???? ?????????????????????????????  ???????????????????????????????????? ???????????????????????????????????? ????????????????????????????????????? ????????????????????????????????????? ???????????????????????????????? ??????????????????????????????????? ???????????????????????????????????? ??????????????????????????????????? ??????????????????????????????????? ???? ??????????????????????????????  ?????????????????????????????????????? ??????????????????????????????????????? ????????????????????????????????????? ?????????????????????????????????????????????????? ??????????????????????????????????????? ????????????????????????????????????? ????????????????????????????????????? ????????????????????????????????????? ?????????????????????????????????????? ???? ?????????????????????????????????? ? ?????????  ???????????????????????????????????????? ??????????????????????????????????????? ?????????????????????????????????????? ??????????????????????????????? ?????????? ??????????????????????????????????? ?????????????????????????????????????? ??????????????????????????????????????????? ?????????????????????????????????????? ????????????????????????????????????? ???? ???????????????????????????????  ????????????????????????????????????? ????????????????????????????????????? ????????????????????????????????????? ????????????????????????????????????? ????????????????????????????????????? ????????????????????????????????????? ????????????????????????????????????? ????????????????????????????????????? ?????????????????????????????????????? ???? ?????????????????????????????  ??????????????????????????????????? ??????????????????????????????????? ??????????????????????????????????? ??????????????????????????????????? ??????????????????????????????????? ??????????????????????????????????? ??????????????????????????????????? ????????????????????????????????????? ????????????????????????????????????? ???? ???????????????????????????  ??????????????????????????????????? ??????????????????????????????????? ??????????????????????????????????? ?????????????????????????????????? ?????????????????????????????????? ?????????????????????????????????? ?????????????????????????????????? ?????????????????????????????????? ?????????????????????????????????? ???? ????????????????????????????  ?????????????????????????????????? ??????????????????????????? ????????? ??????????????????????????? ????????? ????????????????????????????????? ????????????????????????????????? ????????????????????????????????? ???????????????????????????????? ???????????????????????????????? ???????????????????????????????? ???  ????????????????????????????????????   ??? ???????????????????????????????????? ? ??? ?????????????????????????????????? ? ??? ?????????????????????????????????? ? ??? ?????????????????????????????????? ? ??? ?????????????????????????????????????? ? ??? ????????????????????????????????????? ? ??? ????????????????????????????????????? ? ??? ????????????????????????????????????? ? ??? ????????????????????????????????????? ? ???? ??????????????????????????????????????  ???????????????????????????????????????????? ??????????????????????????????????????????? ??????????????????????????????????????????? ?????????????????????????????????????????? ?????????????????????????????????????????? ?????????????????????????????????????????? ?????????????????????????????????????????? ?????????????????????????????????????????? ??????????????????????????????????????????? ???? ??????????????????????????????????  ???????????????????????????????????????? ??????????????????????????????????????????? ?????????????????????????????????????????? ??????????????????????????????????????????? ??????????????????????????????????????????? ??????????????????????????????????????????? ?????????????????????????????????????????? ??????????????????????????????????????????????? ????????????????????????????????????????????? ???? ??????????????????????????????????????  ????????????????????????????????????????????? ?????????????????????????????????????????? ?????????????????????????????????? ?????????? ??????????????????????????????????? ?????? ?? ???? ??????????? ?????????????????????????????????????????? ?????????????????????????????????????????? ?????????????????????????????????????????? ?????????????????????????????????????????? ????????????????????????????????????? ?? ???????????? ???? ??????????????????????????????????????  ????????????????????????????????????? ???? ?? ???????????? ??????????????????????????????????????????? ???????????????????????????????????????????? ?????????????????????????????????????????????? ???????????????????????????????????????? ???????????????????????????????????????????? ??????????????????????????????????? ???????????????????????????????? ????????????????????????????????? ???? ?????????????????????????  ????????????????????????????????? ?????????????????????????????? ???????? ??????????????????????????????????? ?????????????????????????????????? ???????????????????????????????? ??????????????????????????????????????? ????????????????????????????????????? ????????????????????????????????????? ???????????????????????????????????? ???? ??????????????????????? ?????????????????????  ??????????????????????????????? ??????????????????????????????? ?????????????????????? ????????? ?????????? ?????????????????????? ????????????????? ?????????????????????? ????????????????? ??????????????????????? ???? ???????????? ????????? ??????????????????????? ???? ?????????????????? ???????????????????????????????????????? ??????????????????????????????????????? ???? ????????????????????????????????  ??????????????????????????????????????? ??????????????????????????????????????? ????????????????????????????????????????????? ????????????????????????????????????????? ??????????????????????????????????????? ??????????????????????????????????????? ??????????????????????????????????????? ???????????????????????????????????? ?????????????????????????????????????? ???? ????????????????????????????? ????  ?????????????????????????????????????????? ????????????????????????????????????????? ????????????????????????????????????? ??????????????????????????????????????????? ???????????????????????????????????????? ??????????????????????????????????????? ????????????????????????????????????????? ??????????????????????????????????????? ??????????????????????????????????????? ???? ????????????????????????????????  ????????????????????????????????????? ???????????????????????????????????????????? ???????????????????????????????????? ??????????????????????????????????????????? ????????????????????????????????????? ????????????????????????????????????????? ???????????????????????????????????? ????????????????????????????????????????? ??????????????????????????????????????? ???  ??????????????????????????????   ??? ??????????????????????????????? ? ??? ????????????????????????????????? ? ??? ??????????????????????????????????? ? ??? ??????????????????????????????????? ? ??? ???????????????????????????????? ? ??? ??????????????????????????????? ? ??? ????????????????????????? ? ?????????? ? ??? ????????????????????????????? ? ??? ???????????????????????????????? ? ???? ????????????????????????????????  ?????????????????????????????????????????? ??????????????????????????????????????? ??????????????????????????????????????? ?????????????????????????????????????? ???????????????????????????????????????? ?????????????????????????????????????? ??????????????????????????????????????????? ????????????????????????????????????? ??????????????????????????????????????? ???? ????????????????????????????????????  ????????????????????????????? ? ???????? ??????????????????????????????????????? ??????????????????????????????????? ??????????????????????????????????? ???????????????????????????????????????? ??????????????????????????????????????? ???????????????????????????????????????? ???????????????????????????????????????? ???????????????????????????????????? ???? ?????????????????????????????????  ????????????????????????????????????? ???????????????????????????????????????? ?????????????????????????????????????? ???????????????????????????????????????? ????????????????????????????????????? ???????????????????????????????????? ??????????????????????????????????????? ???????????????????????????????????? ??????????????????????????????????????? ???? ?????????????????????????????????  ??????????????????????????????????????? ?????????????????????????????????????????? ???????????????????????????????????????? ????????????????????????????????????? ???????????????????????????????????????? ????????????????????????????????????????? ??????????????????????????????????????? ?????????????????????????????????????????? ??????????????????????????????????????????? ???? ??????????????????????????????????  ???????????????????????????????????????? ???????????????????????????????????? ??????????????????????????????????? ???????????????????????????????????? ????????????????????????????????????? ??????????????????????????????????????? ????????????????????????????????????? ????????????????????????????????????????? ???????????????????????????????????? ???? ?????????????????????????????????  ????????????????????????????????????? ??????????????????????????????????????????? ????????????????????????????????????????? ???????????????????????????????????????? ???????????????????????????????????? ????????????????????????????????????????? ????????????????????????????????????? ???????????????????????????????????????? ???????????????????????????????????????? ???? ??????????????????????????????????  ???????????????????????????????????????? ???????????????????????????????????????? ???????????????????????????????????????? ??????????????????????????????????? ??????????????????????????????????? ????????? ?????????????????????????????????????? ?????????????????????????????????????? ??????????????????????????????????????? ???????????????????????????????????? ???? ????????? ??? ??????????????? ??????????? ?????????  ?????????????? ??? ??????????????? ??????????? ????? ???????? ?????????????? ??? ??????????????????????????????? ?????????????? ??? ???????????????????????? ?????????????? ??? ?????????????????????????? ?????????????? ??? ?????????????????????????? ?????????????? ??? ???????????????????????????? ?????????????? ??? ????????????????????????????? ?????????????? ??? ???????????? ?? ??????????????? ?????????????? ??? ?????????????? ???????????????????? ???? ????????? ??? ?????????????? ??????????????????  ?????????????? ??? ?????????????? ??????????????????? ?????????????? ??? ?????????????? ?????????????????????? ?????????????? ??? ?????????????? ??????????????????? ?????????????? ??? ?????????????? ????????????????????? ?????????????? ??? ?????????????? ????????????????????? ?????????????? ??? ?????????????? ?????????????????? ?????????????? ??? ?????????????? ??????????????????? ?????????????? ??? ?????????????? ??????????????????? ?????????????? ??? ?????????????? ???????????????? ???  ????????? ??? ?????????????? ???????????????????   ??? ?????????? ??? ?????????????? ??????????????? ? ??? ?????????? ??? ?????????????? ??????????????????? ? ??? ?????????? ??? ?????????????? ???????????????? ? ??? ?????????? ??? ?????????????? ???????????????? ? ??? ?????????? ??? ?????????????? ???????????????? ? ??? ?????????? ??? ?????????????? ?????????????? ? ??????? ? ??? ?????????? ??? ?????????????? ??????????????? ? ??? ?????????? ??? ?????????????? ???????????????????? ? ??? ?????????? ??? ?????????????? ????????????????????????????? ? ???? ????????? ??? ?????????????? ??????????????????  ?????????????? ??? ?????????????? ??????????????????????? ?????????????? ??? ?????????????? ?????????????????? ????????????????????????????????? ??????????????????????????????????? ?????????????????????????????????? ???????????????????????????????????? ???????????????????????????????????? ?????????????????????????????????? ????????????????????????????????? ???? ???????????????????????????????  ??????????????????????????????????? ????????????????????????????????? ????????????????????????????????? ???????????????????????????????????????? ??????????????????????????????????? ??????????????????????????????????? ?????????????????????????????????? ????????????????????????????????????? ???????????????????????????? ????????? ???? ????????????? ?????????????????  ?????????????????????????? ????????????????? ?????????????????????????????????? ??????????????????????????????????? ??????????????????????????????????? ???????????????????????????????? ?????????? ???????????????????????????????? ???????????????????????????? ????????? ??????????????????????????????? ???????????????????????????????????? ???? ????????????????????????????????  ???????????????????????????????? ????????????????????????????????? ??????????????????????????????? ????????????????????????????? ????????? ???????????????????????????????? ???????????????????????????? ?? ??????? ????????? ????????????????????????????????? ????????????????????????????? ????????????? ????????????????????????????????????? ???? ?????????????????????????????  ???????????????????????????????????? ?????????????????????????????????? ????????????????????? ????????????????? ????????????????????????????????????????? ????????????????????????????????? ?????????????????????????????????????? ????????????????????????????????????????? ?????????????????????????????????????? ????????????????????????????????????????? ???? ???????????????????????????????????  ??????????????????????????????????????? ?????????????????????????????????????????? ????????????????????????????????????????? ????????????????????????????????????????? ????????????????????????????????????????? ??????????????????????????????? ????????? ??????????????????????????????????????? ????????????????????????????????????? ?????????????????????????????????????? ???? ???????????????????????????  ????????????????????????????????? ????????????????????????????????? ??');

-- SQLINES DEMO *** ---------------------------------------

--
-- SQLINES DEMO *** or table `mail_db`
--

-- SQLINES LICENSE FOR EVALUATION USE ONLY
CREATE TABLE mail_db (
  Index int NOT NULL,
  Country text DEFAULT 'missingCountry',
  Prediction text NOT NULL,
  Company text NOT NULL,
  Date text NOT NULL,
  City text NOT NULL DEFAULT 'Not Found',
  Summary text NOT NULL
) ;

--
-- SQLINES DEMO *** table `mail_db`
--

INSERT INTO mail_db (Index, Country, Prediction, Company, Date, City, Summary) VALUES
(311, 'Belarus', '[\'Civil Unrest Risk\']', 'internationalsos', '2021-02-03 21:37:00', 'Not Found', 'Belarus: Urban centres: Continue to exercise caution, avoid anti-government\nThe counts include individuals within the impact radius of the alert and may not reflect the total\nLarger-scale protests calling for fresh elections, the resignation of President Alexander Lukashenko and the\nThe security forces continue to disperse such events and make indiscriminate arrests,\nProtest fatigue and the continued tough stance of the security forces mean that recent gatherings have attracted\nProtest locations typically include key public transport\nLukashenko may offer limited political concessions in an attempt to appease protesters, but the opposition is'),
(312, 'France', '[\'Civil Unrest Risk\']', 'internationalsos', '2021-02-03 21:37:00', 'Not Found', 'This alert is available to view in additional language(s).\nNigeria: Lagos state: Avoid Itire Surulere due to ongoing violent clashes\nLocation: Lagos state - Nigeria\nThe counts include individuals within the impact radius of the alert and may not reflect the total\nnumber of people in each area listed.\nPlease log into Tracker for the latest information or click here for an up-to-date list of affected individuals and assets\nMembers in Lagos state in the coming hours should plan journeys bypassing Itire Surulere due to ongoing violent\nMonitor our Nigeria alerts for updates.\n24-hour Assistance Centre phone numbers can be viewed here.'),
(313, 'Myanmar', '[\'Civil Unrest Risk\']', 'controlrisks', '2021-02-03 21:37:00', 'Not Found', 'Thursday 18 Feb 2021\nIncident alert\nIncident date: Wednesday 17 February 2021\nMyanmar\nVIEW ON MAP\nOutside the Central Bank in Yankin township, Yangon, hundreds\nof anti-military protesters gathered to urge the employees to go on\nstrike and join the civil disobedience movement.\nCATEGORIES ATTACK TYPES ASSET TYPES SEVERITY SCORE DAMAGE VALUE\nUNREST (DEMPORNOSTTERSATTION) BGAONCVKEE NBRTRNRAMANELCNHT, ONE LE$S50S0 T,0H0A0N\nThank you\nOnline Solutions, Control Risks\nFor more information contact onlinesolutions@controlrisks.com\nClick here to unsubscribe or change your subscription preferences.\nwww.controlrisks.com'),
(314, 'France', '[\'Political War Risk\']', 'internationalsos', '2020-12-10 02:10:00', 'Not Found', 'Lebanon: Urban centres: Avoid further protests over potential subsidy cuts\nThe counts include individuals within the impact radius of the alert and may not reflect the total\nMembers in Lebanon in the coming weeks should avoid further protests over the potential removal of subsidies\nThe demonstrations follow an announcement on 1 December by Central Bank Governor Riad Salameh that the\nDefer all travel to Lebanon amid persistent anti-government unrest and worsening socio-economic conditions.\ntimings and locations of any planned and/or ongoing events in your area.\nForeign nationals should avoid all protests due to the risk of localised unrest.\nMonitor our alerts on Lebanon for updates.'),
(315, 'Georgia', '[\'Political War Risk\']', 'everbridge', '2020-11-07 03:55:00', 'Not Found', 'Philadelphia, PA, United States:  Foiled Plot to Attack Philadelphia Vote-Counting Center Reflects Risk of\nOn Friday, media sources reported that authorities arrested two men outside the Philadelphia Convention Centre, where the counting of ballots cast in the November 3\nAccording to reports, police were reportedly acting on a tip that a group of potentially armed individuals driving in a silver Hummer from\nAssessment: The men s intentions were not immediately clear, and the FBI and Philadelphia Police are continuing to investigate.\npolitically motivated violence and unrest amid escalating tensions over the election process, notably the counting of ballots.\nAlert Location: Philadelphia, PA, United States'),
(316, 'Armenia', '[\'Political War Risk\']', 'controlrisks', '2020-11-07 03:55:00', 'Not Found', 'Big Picture series: The Armenia-Azerbaijan conflict in 2021 – broad peace likely amid many\nfighting between Armenia and Azerbaijan over the disputed territory of Nagorno-Karabakh.\nSouth Caucasus neighbours Armenia and Azerbaijan have remained in a state of war since 1994 over Nagorno-Karabakh, a\nbetween the two countries in 1988-94, at the end of which Armenia was in control of Nagorno-Karabakh, as well as seven\nSeptember initiated an unprecedented offensive to regain control of the adjacent territories and parts of Nagorno-Karabakh\nNovember, Azerbaijan had redrawn the map, securing control of several of the adjacent territories as well as the strategic'),
(317, 'Spain', '[\'Political War Risk\']', 'internationalsos', '2020-11-07 03:55:00', 'Not Found', 'Category: Political unrest, Protest/Rally\nMembers should defer all travel to Peru until 23 November and monitor developments amid ongoing political\nCongress on 9 November voted to remove former president Martin Vizcarra (in office 2018-20), who was widely\nOn 16 November, Congress appointed Sagasti as the new interim president.\nin the country and will likely reduce political unrest.\nHis willingness to address the concerns of protesters and other segments of the society has reduced unrest.\nStill, it remains unclear if he will have sufficient political capital to meet the expectations of protesters regarding any'),
(318, 'Spain', '[\'Political War Risk\']', 'internationalsos', '2020-11-20 09:36:00', 'Not Found', 'Category: Political unrest, Protest/Rally\nMembers should defer all travel to Peru until 23 November and monitor developments amid ongoing political\nCongress on 9 November voted to remove former president Martin Vizcarra (in office 2018-20), who was widely\nOn 16 November, Congress appointed Sagasti as the new interim president.\nin the country and will likely reduce political unrest.\nHis willingness to address the concerns of protesters and other segments of the society has reduced unrest.\nStill, it remains unclear if he will have sufficient political capital to meet the expectations of protesters regarding any'),
(319, 'Côted\'Ivoire', '\'Political War Risk\'', 'internationalsos', '2020-12-16 22:02:00', 'Not Found', 'Côte d\'Ivoire: Continue to avoid gatherings, monitor developments linked to\nThe counts include individuals within the impact radius of the alert and may not reflect the total\nBedie announced the dissolution of an anti-Ouattara ‘national transitional council’ established by opposition\nViolence linked to the disputed 31 October presidential election has subsided since Ouattara and Bedie\nHowever, fresh protests are likely in response to further escalatory actions by Ouattara, such as the recent\nopposition during the electoral cycle, he also called on his supporters to avoid an election ‘catastrophe’.\nWhile we do not expect a similar level of violence, rising political tensions and localised unrest in opposition'),
(320, 'Côted\'Ivoire', '\'Political War Risk\'', 'internationalsos', '2020-12-16 22:02:00', 'Not Found', 'Côte d\'Ivoire: Continue to avoid gatherings, monitor developments linked to\nThe counts include individuals within the impact radius of the alert and may not reflect the total\nBedie announced the dissolution of an anti-Ouattara ‘national transitional council’ established by opposition\nViolence linked to the disputed 31 October presidential election has subsided since Ouattara and Bedie\nHowever, fresh protests are likely in response to further escalatory actions by Ouattara, such as the recent\nopposition during the electoral cycle, he also called on his supporters to avoid an election ‘catastrophe’.\nWhile we do not expect a similar level of violence, rising political tensions and localised unrest in opposition'),
(321, 'Lebanon', '[\'Civil Unrest Risk\']', 'internationalsos', '2021-02-12 03:58:00', 'Not Found', 'This alert is available to view in additional language(s).\nLebanon: Beirut: Plan routes bypassing protest outside\nLocation: Beirut - Lebanon\nand assets at the date/time the alert was issued.\nwithin the impact radius of the alert and may not reflect the total number of people in\naffected individuals and assets in the impacted area.\nEXPOSURE IN IMPACTED AREA ONLY \nA protest is planned for 12 February at 11.00 (local time) outside the Military\ndays, protesters have travelled from Tripoli to join the demonstrations in Beirut,\nminimise potential disruption and exposure to unrest.\n·  Monitor our Lebanon alerts for updates.');

-- SQLINES DEMO *** ---------------------------------------

--
-- SQLINES DEMO *** or table `risk_rating`
--

-- SQLINES LICENSE FOR EVALUATION USE ONLY
CREATE TABLE risk_rating (
  LOCATION varchar(32) DEFAULT NULL,
  ISO 3166 varchar(8) DEFAULT NULL,
  Civil Conflict varchar(14) DEFAULT NULL,
  Civil Unrest varchar(12) DEFAULT NULL,
  Corruption varchar(10) DEFAULT NULL,
  Covid-19 Restriction Impacts varchar(28) DEFAULT NULL,
  General Crime varchar(13) DEFAULT NULL,
  Geophysical Hazards varchar(19) DEFAULT NULL,
  Infrastructure varchar(14) DEFAULT NULL,
  Interstate Conflict varchar(19) DEFAULT NULL,
  Kidnap varchar(6) DEFAULT NULL,
  LGBT+ Discrimination varchar(20) DEFAULT NULL,
  Medical &amp; Health varchar(20) DEFAULT NULL,
  Organised Crime varchar(15) DEFAULT NULL,
  Regime Instability varchar(18) DEFAULT NULL,
  Road Safety varchar(11) DEFAULT NULL,
  Security and Safety Risk varchar(24) DEFAULT NULL,
  State Agencies varchar(14) DEFAULT NULL,
  Terrorism Risk varchar(14) DEFAULT NULL,
  Terrorism Threat varchar(16) DEFAULT NULL
) ;

--
-- SQLINES DEMO *** table `risk_rating`
--

INSERT INTO risk_rating (LOCATION, ISO 3166, Civil Conflict, Civil Unrest, Corruption, Covid-19 Restriction Impacts, General Crime, Geophysical Hazards, Infrastructure, Interstate Conflict, Kidnap, LGBT+ Discrimination, Medical &amp; Health, Organised Crime, Regime Instability, Road Safety, Security and Safety Risk, State Agencies, Terrorism Risk, Terrorism Threat) VALUES
('Afghanistan', 'AF', '6', '4', '5', '2', '6', '4', '5', '4', '6', '5', '6', '6', '5', '5', '6', '5', '6', '6'),
('Albania', 'AL', '3', '3', '4', '3', '3', '4', '3', '1', '3', '3', '5', '5', '3', '3', '3', '3', '3', '3'),
('Algeria', 'DZ', '3', '4', '4', '4', '3', '3', '3', '2', '3', '4', '4', '3', '4', '4', '4', '4', '4', '4'),
('Andorra', 'AD', '1', '1', '3', '3', '1', '1', '2', '1', '1', '2', '6', '2', '1', '2', '1', '1', '1', '1'),
('Angola', 'AO', '3', '3', '5', '3', '5', '3', '5', '2', '4', '4', '4', '3', '4', '5', '4', '3', '1', '1'),
('Antigua and Barbuda', 'AG', '2', '2', '3', '3', '3', '4', '3', '1', '2', '3', '4', '2', '2', '3', '2', '2', '1', '1'),
('Argentina', 'AR', '1', '3', '3', '4', '3', '2', '3', '3', '2', '2', '5', '3', '3', '3', '3', '3', '2', '2'),
('Armenia', 'AM', '3', '4', '4', '3', '2', '3', '4', '5', '1', '3', '3', '2', '4', '4', '2', '3', '1', '2'),
('Australia', 'AU', '2', '1', '2', '3', '2', '3', '2', '2', '1', '2', '2', '3', '2', '2', '2', '1', '3', '4'),
('Austria', 'AT', '1', '2', '2', '4', '2', '1', '2', '1', '1', '2', '4', '2', '2', '1', '2', '1', '2', '4'),
('Azerbaijan', 'AZ', '4', '3', '4', '4', '2', '3', '3', '5', '2', '3', '3', '3', '3', '3', '3', '4', '2', '2'),
('Bahamas', 'BS', '1', '2', '3', '5', '4', '4', '3', '1', '2', '3', '5', '2', '2', '3', '2', '2', '2', '1'),
('Bahrain', 'BH', '3', '3', '3', '3', '2', '2', '2', '2', '1', '4', '5', '2', '3', '3', '3', '3', '3', '4'),
('Bangladesh', 'BD', '3', '5', '5', '3', '4', '5', '4', '1', '3', '4', '5', '4', '3', '5', '4', '4', '4', '5'),
('Barbados', 'BB', '1', '2', '2', '4', '2', '1', '3', '1', '2', '3', '4', '3', '2', '3', '2', '2', '1', '1'),
('Belarus', 'BY', '2', '4', '3', '2', '2', '1', '3', '2', '2', '3', '5', '3', '3', '3', '2', '5', '1', '2'),
('Belgium', 'BE', '1', '2', '2', '4', '3', '1', '2', '1', '1', '1', '4', '3', '2', '1', '2', '2', '3', '4'),
('Belize', 'BZ', '2', '2', '4', '4', '4', '3', '3', '1', '3', '2', '4', '4', '2', '4', '4', '2', '1', '1'),
('Benin', 'BJ', '2', '3', '4', '2', '4', '4', '4', '2', '3', '4', '5', '3', '3', '5', '3', '2', '2', '3'),
('Bermuda', 'BM', '1', '2', '3', '3', '2', '4', '3', '1', '2', '3', '3', '3', '1', '3', '2', '2', '1', '1'),
('Bhutan', 'BT', '2', '2', '3', '4', '1', '4', '5', '3', '1', '3', '4', '1', '2', '4', '1', '1', '1', '1'),
('Bolivia', 'BO', '2', '3', '4', '5', '3', '2', '5', '2', '2', '2', '5', '3', '4', '5', '3', '3', '2', '2'),
('Bosnia and Herzegovina', 'BA', '3', '4', '4', '3', '3', '3', '3', '1', '2', '3', '4', '3', '3', '5', '3', '3', '3', '3'),
('Botswana', 'BW', '1', '2', '3', '3', '3', '2', '3', '1', '1', '4', '4', '3', '2', '4', '2', '1', '1', '1'),
('Brazil', 'BR', '4', '3', '3', '4', '4', '3', '3', '3', '3', '3', '5', '4', '3', '5', '4', '3', '2', '3'),
('British Virgin Islands', 'VG', '1', '2', '2', '3', '2', '4', '3', '1', '2', '2', '4', '2', '1', '3', '2', '2', '1', '1'),
('Brunei', 'BN', '1', '1', '3', '2', '2', '5', '3', '2', '1', '4', '3', '2', '2', '3', '2', '3', '2', '2'),
('Bulgaria', 'BG', '2', '2', '3', '4', '3', '2', '3', '2', '2', '2', '4', '3', '3', '4', '2', '3', '1', '2'),
('Burkina Faso', 'BF', '4', '3', '4', '2', '3', '4', '4', '2', '4', '4', '5', '3', '5', '5', '5', '2', '4', '5'),
('Burundi', 'BI', '4', '3', '4', '2', '4', '4', '5', '3', '3', '4', '5', '4', '4', '5', '4', '3', '3', '3'),
('Cambodia', 'KH', '3', '3', '5', '3', '3', '4', '4', '3', '2', '3', '4', '4', '3', '4', '3', '4', '2', '2'),
('Cameroon', 'CM', '5', '3', '4', '3', '5', '4', '5', '2', '3', '4', '5', '4', '5', '5', '4', '2', '3', '3'),
('Canada', 'CA', '1', '2', '1', '4', '2', '2', '2', '2', '1', '1', '5', '2', '2', '1', '2', '1', '3', '3'),
('Cape Verde', 'CV', '1', '1', '3', '3', '3', '4', '3', '1', '1', '3', '5', '2', '2', '4', '2', '1', '1', '1'),
('Cayman Islands', 'KY', '1', '2', '2', '', '2', '4', '3', '1', '2', '3', '3', '3', '1', '3', '2', '2', '1', '1'),
('Central African Republic', 'CF', '5', '3', '5', '3', '5', '3', '6', '2', '5', '4', '6', '3', '6', '6', '6', '2', '2', '2'),
('Chad', 'TD', '4', '4', '5', '4', '5', '4', '5', '2', '4', '4', '5', '4', '4', '5', '5', '4', '3', '4'),
('Chile', 'CL', '2', '4', '2', '3', '3', '4', '3', '2', '2', '2', '5', '2', '2', '3', '3', '2', '3', '4'),
('China', 'CN', '2', '4', '4', '3', '2', '5', '4', '4', '2', '3', '4', '3', '2', '3', '3', '6', '2', '3'),
('Colombia', 'CO', '4', '3', '3', '4', '4', '3', '4', '3', '4', '3', '5', '4', '2', '5', '4', '2', '4', '5'),
('Comoros', 'KM', '3', '3', '4', '3', '2', '3', '4', '1', '2', '4', '5', '2', '5', '5', '3', '1', '2', '2'),
('Costa Rica', 'CR', '1', '2', '3', '3', '3', '5', '4', '1', '2', '3', '4', '3', '1', '4', '3', '2', '1', '1'),
('Ivory Coast', 'CI', '3', '4', '4', '2', '4', '4', '4', '2', '3', '4', '4', '3', '4', '4', '4', '3', '4', '4'),
('Croatia', 'HR', '2', '2', '3', '4', '2', '2', '3', '1', '1', '3', '4', '2', '2', '2', '2', '2', '2', '2'),
('Cuba', 'CU', '2', '2', '3', '3', '2', '4', '4', '3', '2', '3', '4', '2', '3', '2', '2', '5', '1', '1'),
('Cyprus', 'CY', '1', '2', '2', '3', '3', '2', '2', '3', '2', '2', '4', '2', '2', '2', '2', '3', '2', '3'),
('Cyprus TRNC', 'CT', '2', '2', '4', '2', '3', '2', '3', '3', '2', '3', '3', '3', '3', '2', '2', '3', '1', '2'),
('Czech Republic', 'CZ', '1', '2', '3', '4', '2', '1', '2', '1', '1', '2', '6', '2', '2', '3', '2', '2', '2', '2'),
('DR Congo', 'CD', '4', '4', '5', '4', '4', '4', '6', '3', '4', '4', '6', '5', '5', '6', '5', '3', '2', '2'),
('Denmark', 'DK', '1', '1', '1', '4', '1', '1', '1', '1', '1', '1', '4', '2', '1', '1', '1', '1', '2', '3'),
('Djibouti', 'DJ', '3', '2', '4', '3', '3', '3', '4', '3', '3', '4', '4', '3', '3', '4', '3', '3', '2', '3'),
('Dominica', 'DM', '1', '3', '3', '2', '2', '4', '3', '1', '2', '3', '4', '2', '1', '3', '3', '2', '1', '1'),
('Dominican Republic', 'DO', '3', '3', '4', '3', '4', '4', '4', '1', '3', '3', '5', '3', '3', '3', '3', '3', '1', '1'),
('East Timor', 'TL', '2', '2', '4', '4', '3', '4', '4', '2', '1', '3', '5', '3', '2', '4', '3', '2', '1', '1'),
('Ecuador', 'EC', '2', '4', '4', '3', '4', '4', '4', '1', '3', '3', '4', '3', '3', '4', '4', '3', '2', '2'),
('Egypt', 'EG', '4', '4', '4', '3', '4', '3', '3', '3', '3', '5', '5', '3', '4', '5', '4', '4', '4', '4'),
('El Salvador', 'SV', '3', '3', '4', '5', '5', '5', '4', '1', '3', '3', '4', '5', '3', '3', '4', '3', '1', '1'),
('Equatorial Guinea', 'GQ', '2', '2', '5', '4', '4', '2', '5', '1', '2', '4', '5', '2', '4', '5', '3', '3', '1', '1'),
('Eritrea', 'ER', '4', '2', '5', '4', '3', '3', '5', '2', '3', '4', '5', '2', '4', '5', '4', '4', '2', '2'),
('Estonia', 'EE', '1', '2', '2', '3', '2', '1', '2', '2', '1', '3', '5', '2', '1', '2', '2', '2', '1', '1'),
('eSwatini', 'SZ', '2', '3', '4', '5', '4', '4', '4', '2', '2', '4', '4', '4', '2', '3', '2', '2', '1', '1'),
('Ethiopia', 'ET', '5', '4', '4', '3', '4', '3', '5', '3', '3', '4', '4', '2', '5', '4', '4', '6', '3', '3'),
('Fiji', 'FJ', '3', '2', '3', '3', '2', '4', '4', '1', '2', '3', '3', '2', '3', '3', '2', '2', '1', '1'),
('Finland', 'FI', '1', '1', '2', '2', '1', '1', '1', '1', '1', '1', '3', '1', '1', '1', '1', '1', '2', '2'),
('France', 'FR', '1', '3', '2', '4', '2', '1', '2', '1', '1', '2', '5', '3', '2', '1', '2', '2', '4', '5'),
('French Guiana', 'GF', '1', '2', '3', '5', '3', '3', '3', '1', '3', '2', '3', '3', '1', '4', '3', '2', '1', '1'),
('Gabon', 'GA', '2', '2', '4', '3', '3', '3', '5', '2', '2', '4', '4', '3', '3', '5', '3', '3', '1', '1'),
('Gambia', 'GM', '3', '3', '4', '3', '3', '5', '4', '2', '2', '4', '4', '3', '3', '5', '2', '2', '2', '2'),
('Georgia', 'GE', '3', '3', '3', '4', '2', '3', '4', '3', '2', '3', '4', '3', '3', '4', '3', '3', '2', '2'),
('Germany', 'DE', '1', '2', '2', '4', '2', '1', '1', '1', '1', '2', '4', '2', '1', '1', '2', '1', '3', '5'),
('Ghana', 'GH', '2', '3', '3', '2', '3', '4', '4', '1', '3', '4', '4', '3', '2', '4', '2', '2', '2', '3'),
('Greece', 'GR', '2', '3', '3', '5', '3', '3', '3', '3', '1', '3', '3', '3', '2', '3', '2', '2', '2', '4'),
('Greenland', 'GL', '1', '1', '3', '2', '1', '2', '2', '1', '1', '1', '2', '1', '1', '3', '1', '1', '1', '1'),
('Grenada', 'GD', '1', '2', '3', '5', '3', '4', '2', '1', '2', '3', '2', '2', '1', '1', '3', '2', '1', '1'),
('Guatemala', 'GT', '3', '3', '4', '4', '4', '5', '5', '1', '4', '3', '3', '4', '3', '4', '4', '3', '1', '2'),
('Guinea', 'GN', '3', '4', '5', '3', '4', '4', '5', '2', '2', '4', '5', '3', '4', '6', '4', '3', '3', '3'),
('Guinea-Bissau', 'GW', '3', '3', '5', '2', '5', '5', '5', '3', '2', '4', '5', '5', '5', '6', '4', '2', '2', '2'),
('Guyana', 'GY', '1', '3', '4', '3', '4', '4', '5', '3', '3', '4', '5', '3', '2', '5', '4', '3', '1', '2'),
('Haiti', 'HT', '3', '5', '5', '4', '5', '5', '5', '1', '4', '3', '6', '4', '4', '6', '5', '4', '1', '1'),
('Honduras', 'HN', '3', '4', '4', '4', '6', '4', '5', '1', '4', '2', '4', '4', '4', '4', '5', '4', '1', '3'),
('Hong Kong', 'HK', '2', '4', '2', '3', '2', '3', '1', '1', '1', '3', '4', '3', '2', '1', '3', '5', '1', '2'),
('Hungary', 'HU', '2', '2', '3', '3', '3', '2', '2', '1', '1', '3', '4', '3', '3', '3', '2', '4', '1', '2'),
('Iceland', 'IS', '1', '1', '2', '2', '1', '1', '2', '1', '1', '1', '2', '1', '2', '3', '1', '1', '1', '1'),
('India', 'IN', '4', '4', '3', '3', '4', '4', '2', '4', '3', '4', '4', '3', '2', '4', '4', '3', '4', '5'),
('Indonesia', 'ID', '3', '4', '4', '4', '4', '5', '4', '3', '2', '4', '5', '3', '3', '4', '4', '3', '4', '4'),
('Iran', 'IR', '3', '4', '4', '3', '2', '4', '3', '5', '2', '5', '6', '4', '3', '4', '4', '5', '2', '4'),
('Iraq', 'IQ', '5', '5', '5', '4', '5', '4', '5', '5', '5', '5', '6', '5', '4', '5', '5', '5', '6', '6'),
('Ireland', 'IE', '2', '1', '2', '5', '2', '1', '2', '1', '1', '2', '5', '3', '1', '2', '2', '1', '2', '2'),
('Israel', 'IL', '2', '3', '3', '5', '2', '2', '2', '5', '2', '3', '5', '3', '2', '2', '3', '4', '3', '4'),
('Italy', 'IT', '1', '2', '3', '4', '3', '2', '2', '1', '2', '3', '4', '4', '3', '3', '2', '2', '3', '3'),
('Jamaica', 'JM', '2', '3', '4', '4', '4', '5', '5', '1', '2', '4', '3', '4', '2', '4', '4', '3', '1', '1'),
('Japan', 'JP', '1', '1', '2', '3', '2', '5', '2', '3', '1', '2', '3', '2', '1', '1', '2', '1', '1', '2'),
('Jordan', 'JO', '2', '3', '3', '4', '2', '3', '3', '3', '2', '4', '4', '2', '2', '3', '3', '3', '3', '4'),
('Kazakhstan', 'KZ', '2', '2', '4', '3', '3', '2', '3', '2', '2', '3', '3', '4', '3', '4', '3', '4', '2', '3'),
('Kenya', 'KE', '3', '3', '4', '2', '4', '3', '4', '2', '3', '4', '4', '4', '3', '4', '4', '3', '3', '4'),
('Kiribati', 'KI', '1', '1', '4', '', '1', '1', '4', '1', '1', '4', '5', '1', '1', '5', '2', '1', '1', '1'),
('Kosovo', 'XK', '3', '4', '4', '3', '3', '3', '4', '3', '2', '3', '4', '3', '3', '5', '3', '3', '3', '3'),
('Kuwait', 'KW', '1', '2', '2', '5', '2', '2', '1', '2', '1', '4', '5', '2', '2', '3', '2', '3', '2', '3'),
('Kyrgyzstan', 'KG', '3', '4', '4', '3', '3', '3', '4', '2', '2', '3', '3', '3', '4', '3', '3', '4', '3', '3'),
('Lao PDR', 'LA', '1', '1', '4', '3', '3', '3', '5', '2', '1', '3', '4', '2', '2', '4', '3', '3', '1', '1'),
('Latvia', 'LV', '2', '2', '3', '3', '2', '1', '2', '2', '1', '3', '5', '2', '1', '2', '2', '2', '1', '1'),
('Lebanon', 'LB', '3', '5', '5', '5', '4', '3', '4', '4', '4', '4', '6', '4', '5', '4', '4', '4', '4', '4'),
('Lesotho', 'LS', '3', '3', '3', '4', '4', '3', '5', '2', '3', '4', '4', '4', '4', '4', '3', '2', '1', '1'),
('Liberia', 'LR', '3', '3', '4', '3', '3', '4', '5', '2', '2', '4', '5', '3', '4', '5', '3', '2', '2', '2'),
('Libya', 'LY', '5', '4', '5', '3', '5', '3', '6', '5', '6', '5', '6', '5', '6', '5', '6', '6', '5', '5'),
('Liechtenstein', 'LI', '1', '1', '3', '4', '1', '1', '1', '1', '1', '2', '4', '2', '1', '1', '1', '1', '1', '2'),
('Lithuania', 'LT', '2', '2', '3', '4', '2', '1', '2', '2', '1', '2', '5', '2', '1', '2', '2', '2', '1', '1'),
('Luxembourg', 'LU', '1', '1', '2', '3', '1', '1', '1', '1', '1', '1', '5', '2', '1', '1', '1', '1', '1', '2'),
('Macau', 'MO', '1', '1', '3', '3', '1', '3', '2', '1', '1', '3', '3', '3', '1', '1', '2', '5', '1', '1'),
('Madagascar', 'MG', '2', '3', '5', '3', '5', '4', '5', '1', '3', '4', '5', '5', '4', '5', '4', '3', '2', '2'),
('Malawi', 'MW', '2', '3', '3', '4', '4', '4', '4', '1', '2', '4', '4', '3', '2', '6', '2', '2', '1', '1'),
('Malaysia', 'MY', '2', '2', '3', '4', '3', '3', '3', '2', '3', '3', '4', '2', '2', '3', '3', '2', '3', '3'),
('Maldives', 'MV', '3', '3', '4', '4', '2', '4', '3', '1', '2', '4', '4', '3', '3', '2', '3', '4', '2', '3'),
('Mali', 'ML', '5', '4', '5', '3', '5', '4', '4', '3', '5', '4', '5', '4', '5', '5', '5', '4', '5', '5'),
('Malta', 'MT', '1', '1', '3', '3', '2', '1', '3', '1', '1', '2', '5', '2', '1', '3', '1', '2', '1', '1'),
('Marshall Islands', 'MH', '1', '1', '4', '', '1', '5', '4', '1', '1', '3', '4', '1', '1', '4', '2', '1', '1', '1'),
('Mauritania', 'MR', '3', '3', '4', '3', '3', '3', '4', '2', '3', '5', '5', '3', '4', '6', '4', '4', '3', '3'),
('Mauritius', 'MU', '2', '3', '2', '2', '1', '5', '3', '1', '1', '3', '3', '3', '2', '3', '2', '2', '2', '2'),
('Mexico', 'MX', '5', '3', '4', '3', '4', '3', '3', '1', '5', '2', '5', '5', '3', '3', '4', '4', '3', '3'),
('Micronesia', 'FM', '1', '1', '4', '2', '1', '5', '4', '1', '1', '3', '4', '1', '1', '3', '2', '1', '1', '1'),
('Moldova', 'MD', '4', '2', '4', '3', '3', '2', '4', '2', '2', '3', '4', '3', '4', '4', '3', '3', '2', '2'),
('Monaco', 'MC', '1', '1', '2', '3', '2', '1', '1', '1', '1', '3', '4', '2', '1', '1', '1', '1', '2', '2'),
('Mongolia', 'MN', '2', '2', '4', '4', '2', '2', '5', '1', '1', '3', '3', '2', '2', '5', '2', '3', '1', '2'),
('Montenegro', 'ME', '3', '3', '3', '4', '2', '3', '4', '1', '1', '2', '5', '3', '3', '4', '2', '3', '2', '2'),
('Morocco', 'MA', '2', '3', '3', '4', '3', '3', '3', '4', '2', '4', '4', '3', '2', '3', '3', '3', '3', '4'),
('Mozambique', 'MZ', '3', '2', '5', '3', '4', '4', '5', '2', '4', '3', '4', '4', '3', '6', '3', '3', '2', '3'),
('Myanmar', 'MM', '4', '5', '5', '4', '3', '4', '4', '2', '1', '4', '5', '3', '5', '5', '4', '5', '2', '3'),
('Namibia', 'NA', '1', '2', '3', '3', '4', '2', '3', '1', '1', '4', '4', '3', '2', '3', '2', '2', '1', '1'),
('Nauru', 'NR', '1', '1', '3', '', '1', '5', '4', '1', '1', '3', '3', '1', '1', '4', '2', '1', '1', '1'),
('Nepal', 'NP', '4', '4', '4', '3', '3', '5', '4', '1', '2', '3', '5', '4', '3', '5', '4', '3', '2', '4'),
('Netherlands', 'NL', '1', '2', '2', '4', '2', '1', '1', '1', '1', '1', '5', '2', '2', '1', '2', '1', '2', '3'),
('Netherlands Antilles', 'AN', '1', '2', '3', '', '3', '4', '3', '1', '2', '3', '4', '2', '1', '3', '2', '2', '1', '1'),
('New Zealand', 'NZ', '1', '1', '1', '3', '2', '2', '2', '1', '1', '2', '2', '2', '1', '2', '1', '1', '1', '4'),
('Nicaragua', 'NI', '3', '4', '4', '1', '4', '5', '3', '1', '3', '2', '5', '3', '4', '4', '4', '5', '1', '1'),
('Niger', 'NE', '4', '4', '4', '2', '4', '4', '5', '2', '4', '4', '5', '4', '4', '5', '5', '4', '4', '4'),
('Nigeria', 'NG', '4', '4', '5', '3', '5', '4', '4', '2', '5', '5', '5', '5', '4', '4', '5', '4', '4', '4'),
('North Korea', 'KP', '1', '1', '6', '3', '2', '4', '5', '3', '1', '5', '6', '1', '4', '3', '5', '6', '1', '1'),
('Macedonia', '', '3', '2', '4', '3', '2', '3', '3', '1', '2', '3', '4', '3', '3', '3', '2', '2', '3', '3'),
('Norway', 'NO', '1', '1', '2', '2', '1', '1', '1', '1', '1', '1', '3', '1', '1', '2', '1', '1', '2', '3'),
('Oman', 'OM', '2', '2', '3', '4', '2', '3', '2', '2', '1', '4', '5', '2', '3', '4', '2', '3', '2', '2'),
('Pakistan', 'PK', '4', '4', '4', '3', '5', '4', '4', '4', '5', '5', '5', '5', '4', '4', '5', '5', '5', '6'),
('Palau', 'PW', '1', '1', '4', '5', '1', '5', '4', '1', '1', '3', '5', '1', '1', '3', '2', '1', '1', '1'),
('Palestinian Authority', 'PS', '4', '5', '4', '4', '3', '3', '4', '4', '4', '4', '6', '3', '5', '3', '4', '5', '4', '5'),
('Panama', 'PA', '2', '2', '3', '4', '3', '3', '2', '1', '3', '3', '4', '3', '2', '2', '3', '3', '2', '2'),
('Papua New Guinea', 'PG', '4', '4', '4', '4', '6', '5', '5', '1', '3', '4', '4', '2', '4', '4', '5', '5', '1', '1'),
('Paraguay', 'PY', '3', '3', '4', '4', '4', '2', '4', '1', '3', '3', '5', '4', '3', '6', '3', '4', '3', '3'),
('Peru', 'PE', '3', '4', '3', '5', '4', '3', '3', '1', '3', '3', '5', '4', '5', '5', '4', '3', '2', '3'),
('Philippines', 'PH', '4', '4', '4', '4', '5', '5', '4', '3', '5', '3', '5', '4', '3', '4', '4', '4', '4', '5'),
('Poland', 'PL', '2', '3', '2', '4', '2', '1', '2', '2', '1', '3', '4', '3', '2', '3', '2', '3', '2', '2'),
('Portugal', 'PT', '1', '1', '2', '5', '2', '2', '2', '1', '1', '2', '6', '2', '1', '2', '2', '2', '1', '1'),
('Puerto Rico', 'PR', '2', '4', '4', '4', '3', '5', '5', '1', '3', '2', '5', '3', '3', '5', '3', '3', '1', '1'),
('Qatar', 'QA', '1', '2', '2', '3', '1', '2', '1', '3', '1', '4', '5', '2', '2', '3', '2', '3', '2', '2'),
('Congo', 'CG', '3', '3', '5', '3', '3', '3', '4', '2', '2', '4', '4', '3', '5', '5', '3', '3', '1', '1'),
('Romania', 'RO', '1', '3', '3', '3', '3', '3', '3', '1', '1', '3', '4', '3', '2', '4', '2', '3', '1', '1'),
('Russia', 'RU', '2', '3', '4', '4', '3', '4', '4', '4', '2', '4', '5', '4', '2', '4', '3', '5', '3', '4'),
('Rwanda', 'RW', '3', '2', '3', '4', '2', '3', '3', '3', '1', '4', '4', '2', '2', '4', '2', '4', '2', '2'),
('Saint Kitts & Nevis', 'KN', '1', '2', '3', '3', '3', '4', '3', '1', '2', '3', '4', '2', '1', '3', '2', '2', '1', '1'),
('Saint Lucia', 'LC', '1', '2', '3', '3', '2', '4', '3', '1', '2', '3', '4', '2', '1', '3', '2', '2', '1', '1'),
('Saint Vincent & Grenadines', 'VC', '1', '2', '3', '3', '3', '4', '3', '1', '2', '3', '4', '2', '1', '3', '2', '2', '1', '1'),
('Samoa', 'WS', '2', '1', '3', '3', '2', '5', '3', '1', '1', '3', '3', '1', '2', '4', '2', '1', '1', '1'),
('San Marino', 'SM', '1', '1', '3', '2', '2', '2', '3', '1', '1', '2', '5', '2', '1', '2', '1', '2', '1', '1'),
('Sao Tome and Principe', 'ST', '1', '3', '3', '3', '2', '4', '5', '1', '1', '3', '4', '1', '4', '4', '2', '2', '1', '1'),
('Saudi Arabia', 'SA', '3', '3', '4', '5', '3', '3', '3', '5', '3', '5', '5', '3', '3', '4', '4', '5', '4', '4'),
('Senegal', 'SN', '3', '3', '3', '3', '3', '4', '4', '2', '2', '4', '3', '3', '2', '4', '3', '2', '3', '4'),
('Serbia', 'RS', '2', '3', '3', '3', '2', '3', '3', '3', '2', '2', '5', '3', '2', '3', '2', '3', '2', '2'),
('Seychelles', 'SC', '2', '2', '4', '4', '4', '2', '3', '1', '2', '4', '5', '4', '2', '3', '2', '2', '2', '2'),
('Sierra Leone', 'SL', '3', '3', '4', '4', '4', '4', '5', '2', '2', '4', '5', '3', '3', '5', '3', '2', '2', '2'),
('Singapore', 'SG', '1', '1', '2', '3', '2', '1', '1', '2', '1', '4', '3', '1', '1', '1', '1', '2', '2', '2'),
('Slovakia', 'SK', '1', '1', '2', '5', '2', '1', '2', '1', '1', '3', '5', '2', '2', '3', '2', '2', '1', '1'),
('Slovenia', 'SI', '1', '1', '2', '3', '1', '1', '2', '1', '1', '2', '5', '2', '2', '3', '2', '2', '1', '1'),
('Solomon Islands', 'SB', '2', '3', '4', '3', '2', '5', '5', '1', '1', '4', '4', '1', '2', '5', '3', '2', '1', '1'),
('Somalia', 'SO', '6', '3', '5', '3', '4', '4', '5', '6', '6', '5', '6', '4', '5', '6', '6', '2', '6', '6'),
('Somaliland', 'SU', '3', '3', '4', '2', '3', '5', '5', '4', '4', '4', '6', '3', '4', '5', '4', '2', '3', '4'),
('South Africa', 'ZA', '2', '4', '4', '3', '5', '3', '3', '1', '3', '3', '6', '5', '2', '3', '3', '2', '2', '2'),
('Korea', 'KR', '1', '2', '2', '3', '2', '3', '2', '3', '1', '2', '3', '2', '2', '2', '2', '2', '1', '2'),
('South Sudan', 'SS', '5', '3', '5', '3', '5', '5', '6', '3', '6', '4', '6', '5', '5', '6', '6', '3', '2', '2'),
('Spain', 'ES', '2', '2', '2', '4', '2', '1', '2', '1', '1', '2', '5', '2', '2', '2', '2', '2', '3', '4'),
('Sri Lanka', 'LK', '2', '4', '4', '3', '3', '4', '4', '1', '1', '4', '4', '3', '3', '2', '3', '3', '3', '3'),
('Sudan', 'SD', '5', '5', '5', '2', '4', '5', '5', '3', '4', '5', '5', '3', '5', '5', '5', '5', '3', '3'),
('Suriname', 'SR', '2', '2', '3', '4', '3', '4', '5', '1', '2', '3', '3', '3', '2', '4', '3', '3', '2', '1'),
('Sweden', 'SE', '1', '2', '2', '2', '2', '1', '1', '1', '1', '1', '5', '2', '1', '1', '2', '1', '2', '3'),
('Switzerland', 'CH', '1', '1', '2', '3', '1', '1', '1', '1', '1', '2', '4', '2', '1', '1', '1', '1', '2', '3'),
('Syria', 'SY', '6', '6', '5', '3', '6', '3', '6', '6', '6', '4', '6', '6', '5', '6', '6', '6', '6', '6'),
('Taiwan', 'TW', '1', '2', '2', '2', '2', '4', '2', '3', '1', '3', '2', '2', '2', '2', '2', '2', '1', '1'),
('Tajikistan', 'TJ', '3', '2', '4', '2', '2', '3', '5', '3', '3', '4', '5', '4', '4', '4', '3', '5', '3', '3'),
('Tanzania', 'TZ', '2', '2', '4', '2', '4', '4', '4', '2', '3', '4', '5', '3', '3', '4', '3', '4', '3', '3'),
('Thailand', 'TH', '4', '3', '4', '4', '3', '3', '3', '3', '2', '3', '4', '3', '4', '4', '3', '4', '3', '4'),
('Togo', 'TG', '2', '3', '4', '3', '4', '4', '5', '2', '3', '4', '5', '3', '4', '5', '3', '2', '2', '3'),
('Tonga', 'TO', '1', '1', '3', '3', '1', '5', '4', '1', '1', '4', '3', '1', '1', '3', '2', '1', '1', '1'),
('Trinidad and Tobago', 'TT', '2', '2', '3', '3', '4', '4', '4', '1', '3', '3', '4', '4', '2', '4', '3', '2', '2', '4'),
('Tunisia', 'TN', '2', '4', '3', '3', '3', '3', '3', '2', '3', '4', '4', '2', '3', '4', '4', '3', '4', '4'),
('Turkey', 'TR', '4', '3', '3', '4', '3', '3', '3', '4', '3', '4', '5', '3', '4', '3', '3', '5', '4', '4'),
('Turkmenistan', 'TM', '3', '2', '5', '6', '2', '3', '4', '3', '2', '4', '6', '3', '4', '3', '4', '5', '2', '3'),
('Turks and Caicos Islands', 'TC', '1', '2', '3', '3', '4', '4', '3', '1', '2', '2', '4', '2', '1', '3', '2', '2', '1', '1'),
('Tuvalu', 'TV', '1', '1', '4', '', '1', '5', '4', '1', '1', '4', '4', '1', '1', '4', '2', '1', '1', '1'),
('Uganda', 'UG', '3', '4', '5', '3', '4', '3', '4', '2', '3', '4', '4', '4', '4', '4', '3', '2', '3', '3'),
('Ukraine', 'UA', '5', '3', '4', '3', '3', '1', '4', '5', '3', '3', '4', '4', '3', '4', '3', '4', '2', '3'),
('United Arab Emirates', 'AE', '2', '1', '2', '3', '2', '2', '1', '3', '1', '4', '5', '3', '2', '3', '2', '4', '2', '3'),
('United Kingdom', 'GB', '2', '2', '2', '5', '2', '2', '2', '2', '1', '2', '5', '2', '3', '1', '2', '2', '3', '4'),
('United States', 'US', '1', '3', '2', '4', '3', '3', '2', '3', '2', '2', '6', '2', '3', '2', '2', '2', '3', '5'),
('Uruguay', 'UY', '2', '2', '2', '4', '3', '2', '3', '1', '2', '2', '5', '3', '2', '4', '2', '2', '2', '2'),
('Uzbekistan', 'UZ', '2', '2', '4', '3', '3', '3', '4', '2', '2', '4', '3', '3', '2', '3', '3', '4', '3', '3'),
('Vanuatu', 'VU', '1', '1', '4', '3', '1', '5', '4', '1', '1', '3', '4', '1', '1', '4', '2', '1', '1', '1'),
('Vatican', 'VA', '1', '1', '3', '2', '2', '2', '2', '1', '1', '3', '3', '1', '1', '2', '1', '1', '3', '4'),
('Venezuela', 'VE', '4', '4', '6', '4', '6', '3', '5', '3', '5', '3', '6', '6', '5', '5', '6', '5', '2', '3'),
('Vietnam', 'VN', '1', '2', '4', '3', '3', '5', '4', '3', '1', '3', '4', '3', '2', '4', '3', '4', '1', '1'),
('Western Sahara', 'EH', '3', '3', '3', '4', '3', '3', '5', '4', '2', '5', '4', '3', '3', '5', '4', '4', '3', '3'),
('Yemen', 'YE', '6', '6', '6', '3', '6', '3', '6', '6', '6', '4', '6', '6', '6', '6', '6', '6', '6', '6'),
('Zambia', 'ZM', '2', '3', '4', '3', '3', '3', '4', '2', '2', '4', '4', '3', '4', '4', '3', '2', '1', '1'),
('Zimbabwe', 'ZW', '2', '4', '4', '4', '4', '4', '4', '2', '2', '4', '5', '4', '5', '4', '3', '3', '1', '1');

--
-- SQLINES DEMO *** d tables
--

--
-- SQLINES DEMO ***  `core`
--
ALTER TABLE core
  ADD CONSTRAINT COUNTRY UNIQUE  (COUNTRY),
  ADD KEY `idx` (COUNTRY);

--
-- SQLINES DEMO ***  `headcount`
--
ALTER TABLE headcount
  ADD CONSTRAINT index UNIQUE (idx);

--
-- SQLINES DEMO ***  `mail_db`
--
ALTER TABLE mail_db
  ADD PRIMARY KEY (Index);

--
-- SQLINES DEMO ***  `risk_rating`
--
ALTER TABLE risk_rating
  ADD CONSTRAINT idx UNIQUE  (LOCATION);

--
-- SQLINES DEMO *** r dumped tables
--

--
-- SQLINES DEMO *** r table `mail_db`
--
ALTER TABLE mail_db
  MODIFY Index cast(3 as int) NOT NULL AUTO_INCREMENT, AUTO_INCREMENT=322;
COMMIT;

/* SQLINES DEMO *** ER_SET_CLIENT=@OLD_CHARACTER_SET_CLIENT */;
/* SQLINES DEMO *** ER_SET_RESULTS=@OLD_CHARACTER_SET_RESULTS */;
/* SQLINES DEMO *** ON_CONNECTION=@OLD_COLLATION_CONNECTION */;

